"ID","Sex_R","BirthYear","Age","AgeClass","SampleYear","Strongyles","RTL","qPCRPlate","qPCRRow","Survival"
649,"Males",2009,0,"Lambs",2009,100,2.09065189995872,1,"B",0
658,"Males",2009,0,"Lambs",2009,1400,1.9737662357832,1,"F",1
517,"Males",2007,0,"Lambs",2007,300,1.61104184121857,1,"A",1
805,"Females",2012,0,"Lambs",2012,200,2.15165867498731,1,"E",1
236,"Males",2001,0,"Lambs",2001,300,1.8824347053486,1,"G",0
655,"Females",2009,0,"Lambs",2009,100,2.11209397304893,1,"H",0
633,"Males",2009,0,"Lambs",2009,400,1.84739647410587,1,"A",0
666,"Males",2009,0,"Lambs",2009,0,1.41366510100758,1,"B",0
559,"Females",2007,0,"Lambs",2007,400,1.45058006285055,1,"C",0
211,"Males",2001,0,"Lambs",2001,400,1.42467865380065,1,"G",0
679,"Males",2009,0,"Lambs",2009,800,2.09733482061286,1,"B",0
204,"Males",2001,0,"Lambs",2001,1300,1.58526283671774,1,"G",0
651,"Females",2009,0,"Lambs",2009,600,1.59085771785796,1,"H",1
508,"Males",2007,0,"Lambs",2007,200,1.79505358637036,2,"E",0
555,"Males",2007,0,"Lambs",2007,200,1.93269209773224,2,"B",1
677,"Males",2009,0,"Lambs",2009,1600,1.91125080289709,2,"C",0
799,"Males",2012,0,"Lambs",2012,0,1.8614366313017,93,"E",0
524,"Females",2007,0,"Lambs",2007,100,1.74013309451742,2,"C",0
220,"Males",2001,0,"Lambs",2001,900,1.76287265815869,2,"H",0
539,"Males",2007,0,"Lambs",2007,0,2.02877054094079,2,"B",1
499,"Females",2007,0,"Lambs",2007,100,1.7229118922699,93,"H",0
509,"Females",2007,0,"Lambs",2007,100,2.21767540012869,3,"G",1
661,"Males",2009,0,"Lambs",2009,900,2.2043642919021,3,"H",0
673,"Males",2009,0,"Lambs",2009,200,1.83790167107694,3,"F",1
620,"Females",2009,0,"Lambs",2009,300,1.93116025627507,3,"H",0
682,"Males",2009,0,"Lambs",2009,1200,1.58012723662612,3,"E",0
544,"Males",2007,0,"Lambs",2007,1000,1.67423052188309,3,"G",0
213,"Males",2001,0,"Lambs",2001,1000,1.73222731025646,3,"C",0
498,"Males",2007,0,"Lambs",2007,1200,1.47331817505307,3,"G",0
674,"Males",2009,0,"Lambs",2009,1000,1.50358381341843,3,"F",1
672,"Males",2009,0,"Lambs",2009,1000,1.84177993966636,3,"G",0
243,"Males",2001,0,"Lambs",2001,1700,1.96959160146213,4,"C",0
643,"Females",2009,0,"Lambs",2009,200,1.75640104496029,4,"E",1
534,"Females",2007,0,"Lambs",2007,200,1.58493559950853,93,"H",1
803,"Males",2012,0,"Lambs",2012,200,1.58222443301603,4,"C",1
514,"Females",2007,0,"Lambs",2007,200,1.66612308494553,4,"D",1
807,"Males",2012,0,"Lambs",2012,200,1.37227726619332,4,"G",1
492,"Males",2007,0,"Lambs",2007,600,1.46413077464183,5,"C",1
237,"Males",2001,0,"Lambs",2001,600,2.12295329690494,5,"E",0
663,"Males",2009,0,"Lambs",2009,1300,1.90214768320178,5,"B",0
811,"Females",2012,0,"Lambs",2012,100,1.71956359461851,5,"F",1
184,"Females",2001,0,"Lambs",2001,3200,1.8184120604749,5,"H",0
800,"Males",2012,0,"Lambs",2012,200,2.10583187532763,94,"C",1
201,"Females",2001,0,"Lambs",2001,1600,1.28633709593848,5,"C",0
229,"Males",2001,0,"Lambs",2001,2900,1.86208403967703,5,"E",0
618,"Males",2009,0,"Lambs",2009,700,1.35387519008518,6,"B",0
196,"Females",2001,0,"Lambs",2001,400,1.7091898746636,6,"D",0
667,"Females",2009,0,"Lambs",2009,800,1.91450992596114,6,"B",1
219,"Males",2001,0,"Lambs",2001,1800,1.50194482596479,6,"C",0
230,"Males",2001,0,"Lambs",2001,1200,1.47238636259196,6,"G",0
680,"Males",2009,0,"Lambs",2009,0,1.51331407063684,6,"D",0
185,"Males",2001,0,"Lambs",2001,800,1.50856298002795,6,"E",0
638,"Males",2009,0,"Lambs",2009,2300,1.9171581319589,6,"B",0
500,"Females",2007,0,"Lambs",2007,200,2.37887961542256,6,"B",1
648,"Females",2009,0,"Lambs",2009,100,1.93771184580091,6,"D",0
814,"Females",2012,0,"Lambs",2012,200,2.05036818603766,94,"H",1
621,"Males",2009,0,"Lambs",2009,1500,1.50481128590919,7,"C",1
542,"Males",2007,0,"Lambs",2007,100,1.894007923541,7,"F",1
644,"Males",2009,0,"Lambs",2009,600,1.80109588996514,8,"B",0
653,"Females",2009,0,"Lambs",2009,100,1.6345475565309,94,"E",1
562,"Females",2007,0,"Lambs",2007,1500,1.84853514754369,8,"D",1
225,"Males",2001,0,"Lambs",2001,1700,1.39678389645434,8,"D",0
671,"Females",2009,0,"Lambs",2009,600,1.55467517384153,8,"F",1
664,"Males",2009,0,"Lambs",2009,50,1.81892776630629,94,"H",0
665,"Females",2009,0,"Lambs",2009,300,1.92689979394296,8,"B",1
660,"Females",2009,0,"Lambs",2009,200,2.01827971387277,8,"F",0
543,"Females",2007,0,"Lambs",2007,700,1.93448220968954,8,"B",1
624,"Females",2009,0,"Lambs",2009,300,1.67617125693414,8,"H",1
548,"Males",2007,0,"Lambs",2007,500,1.89809937678142,8,"B",0
813,"Females",2012,0,"Lambs",2012,300,2.0441087104974,8,"E",1
646,"Males",2009,0,"Lambs",2009,200,2.06841991859786,8,"F",1
647,"Males",2009,0,"Lambs",2009,400,1.75391701932799,8,"G",0
798,"Males",2012,0,"Lambs",2012,300,1.87086432238787,9,"A",1
558,"Males",2007,0,"Lambs",2007,500,1.77033204814253,9,"C",0
627,"Males",2009,0,"Lambs",2009,1600,2.02249836101547,9,"F",0
206,"Females",2001,0,"Lambs",2001,500,1.67430381399248,9,"H",0
190,"Females",2001,0,"Lambs",2001,100,1.64836262062795,9,"D",0
202,"Females",2001,0,"Lambs",2001,200,1.53724612158687,9,"H",0
804,"Females",2012,0,"Lambs",2012,0,1.73802418468255,9,"C",1
241,"Males",2001,0,"Lambs",2001,2700,2.11456633300379,94,"G",0
641,"Females",2009,0,"Lambs",2009,700,2.21484230367094,10,"D",0
538,"Males",2007,0,"Lambs",2007,1200,1.77602724119202,10,"F",0
654,"Males",2009,0,"Lambs",2009,900,1.86853856699018,10,"B",1
619,"Females",2009,0,"Lambs",2009,0,1.74792235211941,10,"C",0
228,"Females",2001,0,"Lambs",2001,600,1.57284465011414,10,"E",0
521,"Males",2007,0,"Lambs",2007,100,1.42417164462368,10,"F",0
203,"Females",2001,0,"Lambs",2001,400,1.95345154018388,10,"C",0
553,"Females",2007,0,"Lambs",2007,100,1.94584397972978,10,"D",1
191,"Females",2001,0,"Lambs",2001,600,1.68302518074804,10,"E",0
545,"Males",2007,0,"Lambs",2007,1100,1.5240503548863,10,"C",0
536,"Females",2007,0,"Lambs",2007,700,1.75338576970744,10,"F",1
490,"Males",2007,0,"Lambs",2007,1600,2.02422948724847,94,"H",0
526,"Females",2007,0,"Lambs",2007,200,2.41196487717791,10,"B",0
254,"Males",2001,0,"Lambs",2001,100,1.85519854844696,10,"G",0
533,"Females",2007,0,"Lambs",2007,200,1.8893958229277,11,"F",1
516,"Males",2007,0,"Lambs",2007,100,1.70431150092342,11,"E",0
214,"Females",2001,0,"Lambs",2001,0,2.41942077390879,94,"D",0
507,"Females",2007,0,"Lambs",2007,500,1.81289556723128,11,"C",0
623,"Females",2009,0,"Lambs",2009,400,2.01813076382528,11,"E",1
537,"Females",2007,0,"Lambs",2007,200,1.81868791241785,11,"G",1
198,"Females",2001,0,"Lambs",2001,1800,1.63506952171967,12,"E",0
529,"Females",2007,0,"Lambs",2007,400,1.72622114703661,12,"F",1
227,"Males",2001,0,"Lambs",2001,200,2.0115195329608,12,"G",0
209,"Females",2001,0,"Lambs",2001,1500,2.11720883439239,95,"B",0
513,"Females",2007,0,"Lambs",2007,300,1.78020048882642,12,"E",0
557,"Females",2007,0,"Lambs",2007,300,1.71154017351445,95,"E",1
645,"Females",2009,0,"Lambs",2009,900,1.69247758223144,12,"D",1
233,"Males",2001,0,"Lambs",2001,500,1.92416133262735,95,"F",0
217,"Females",2001,0,"Lambs",2001,900,2.93496773508279,96,"A",0
812,"Females",2012,0,"Lambs",2012,400,1.95578280010063,95,"A",1
652,"Males",2009,0,"Lambs",2009,800,1.79008411210953,12,"F",1
221,"Females",2001,0,"Lambs",2001,100,1.98030971207783,12,"F",0
223,"Females",2001,0,"Lambs",2001,3100,1.88927589756518,13,"H",0
224,"Females",2001,0,"Lambs",2001,2000,1.85018702805024,13,"E",0
240,"Females",2001,0,"Lambs",2001,500,1.57338337147944,95,"F",0
560,"Females",2007,0,"Lambs",2007,300,1.47511730458443,13,"C",0
502,"Males",2007,0,"Lambs",2007,100,1.65204512459772,13,"G",1
629,"Males",2009,0,"Lambs",2009,100,2.01693597379553,13,"H",1
564,"Females",2007,0,"Lambs",2007,400,2.15575841225175,13,"E",1
634,"Males",2009,0,"Lambs",2009,600,1.71357516911481,14,"B",0
218,"Males",2001,0,"Lambs",2001,2800,1.95082489649468,14,"H",0
210,"Males",2001,0,"Lambs",2001,1300,1.60261505245505,14,"D",0
546,"Males",2007,0,"Lambs",2007,400,1.63762817092584,95,"C",1
630,"Females",2009,0,"Lambs",2009,0,1.86218399036069,14,"B",1
549,"Females",2007,0,"Lambs",2007,100,1.80732008721318,14,"B",1
242,"Females",2001,0,"Lambs",2001,0,1.61456479616558,14,"H",0
231,"Males",2001,0,"Lambs",2001,5200,1.72687453505423,14,"D",0
637,"Females",2009,0,"Lambs",2009,200,1.88580358026015,95,"G",0
493,"Males",2007,0,"Lambs",2007,400,2.03929703289823,15,"D",0
197,"Males",2001,0,"Lambs",2001,600,2.06935377821707,15,"E",0
616,"Males",2009,0,"Lambs",2009,1600,1.6861287508691,95,"H",1
515,"Females",2007,0,"Lambs",2007,600,1.97912377325401,15,"B",0
541,"Males",2007,0,"Lambs",2007,400,1.52213570568732,15,"C",1
565,"Females",2007,0,"Lambs",2007,100,1.97885145371574,95,"E",1
808,"Females",2012,0,"Lambs",2012,200,1.99362341524049,95,"F",1
505,"Females",2007,0,"Lambs",2007,400,1.5259327089119,15,"H",1
207,"Females",2001,0,"Lambs",2001,0,2.13870585647139,95,"G",0
561,"Females",2007,0,"Lambs",2007,600,1.9003558115359,16,"B",0
556,"Females",2007,0,"Lambs",2007,700,1.98674801888083,16,"C",1
232,"Males",2001,0,"Lambs",2001,4200,2.1428027936461,16,"D",0
659,"Females",2009,0,"Lambs",2009,400,2.00119704358897,16,"D",0
530,"Females",2007,0,"Lambs",2007,100,1.92071325029746,16,"G",1
193,"Females",2001,0,"Lambs",2001,500,1.80666802467459,95,"B",0
188,"Males",2001,0,"Lambs",2001,600,1.6969591403102,16,"E",0
238,"Females",2001,0,"Lambs",2001,1000,1.97107850281211,16,"D",0
656,"Males",2009,0,"Lambs",2009,200,1.71646910792074,95,"F",0
676,"Females",2009,0,"Lambs",2009,100,2.042022653596,16,"E",1
617,"Females",2009,0,"Lambs",2009,1000,1.80864229827905,17,"A",0
531,"Females",2007,0,"Lambs",2007,100,1.57191132180526,17,"C",0
199,"Females",2001,0,"Lambs",2001,200,1.54082849396373,17,"F",1
208,"Females",2001,0,"Lambs",2001,500,1.70144492136361,17,"G",0
636,"Males",2009,0,"Lambs",2009,400,1.74238514121717,17,"A",1
522,"Females",2007,0,"Lambs",2007,300,1.62024702483477,17,"G",1
532,"Males",2007,0,"Lambs",2007,1800,1.89254826121045,18,"G",0
520,"Females",2007,0,"Lambs",2007,100,1.76785912040012,18,"B",1
547,"Females",2007,0,"Lambs",2007,700,1.59378461004598,18,"F",0
657,"Females",2009,0,"Lambs",2009,200,1.64136128633313,18,"C",1
234,"Males",2001,0,"Lambs",2001,800,1.54865202939839,18,"F",0
504,"Males",2007,0,"Lambs",2007,700,2.29848230810483,18,"D",1
642,"Males",2009,0,"Lambs",2009,300,1.59406169087768,18,"F",0
205,"Females",2001,0,"Lambs",2001,700,1.49178589824828,18,"H",0
186,"Males",2001,0,"Lambs",2001,1900,1.48192941435243,18,"F",0
195,"Males",2001,0,"Lambs",2001,1200,1.72465605146602,19,"C",0
668,"Females",2009,0,"Lambs",2009,200,1.87914112240048,19,"E",0
535,"Females",2007,0,"Lambs",2007,200,1.69965449016861,19,"F",1
681,"Females",2009,0,"Lambs",2009,50,1.78407415530743,19,"H",0
235,"Females",2001,0,"Lambs",2001,1000,1.75511668817314,19,"D",0
550,"Females",2007,0,"Lambs",2007,400,1.39541669625695,19,"E",0
625,"Males",2009,0,"Lambs",2009,1100,2.1976244188592,19,"H",0
806,"Females",2012,0,"Lambs",2012,0,1.80303733509475,19,"D",1
222,"Females",2001,0,"Lambs",2001,1500,1.96318379994391,19,"H",0
194,"Females",2001,0,"Lambs",2001,300,1.92538534558466,19,"B",0
495,"Females",2007,0,"Lambs",2007,300,1.58269086895205,19,"F",1
528,"Females",2007,0,"Lambs",2007,0,1.66674687058286,19,"G",0
226,"Females",2001,0,"Lambs",2001,2000,2.39500178554373,19,"B",0
631,"Females",2009,0,"Lambs",2009,100,2.16716803931873,19,"D",1
192,"Females",2001,0,"Lambs",2001,1300,2.00750475324113,20,"B",0
216,"Females",2001,0,"Lambs",2001,800,1.96756067780468,20,"B",1
497,"Females",2007,0,"Lambs",2007,800,1.66627999926139,20,"G",1
801,"Females",2012,0,"Lambs",2012,0,1.67917460686246,20,"C",1
551,"Females",2007,0,"Lambs",2007,200,2.08241641253268,20,"B",1
510,"Males",2007,0,"Lambs",2007,100,1.63939680064492,20,"G",1
200,"Females",2001,0,"Lambs",2001,200,1.9302839507947,20,"E",0
810,"Females",2012,0,"Lambs",2012,50,1.71688152725635,20,"F",1
552,"Males",2007,0,"Lambs",2007,100,2.04949370589725,81,"A",1
525,"Males",2007,0,"Lambs",2007,200,1.75999636247293,81,"B",0
402,"Males",2004,0,"Lambs",2004,1600,2.20223198760592,21,"F",0
598,"Females",2008,0,"Lambs",2008,800,1.73642266948906,21,"A",0
574,"Females",2008,0,"Lambs",2008,100,2.01496738871329,21,"B",0
169,"Males",2000,0,"Lambs",2000,600,1.84854465768538,21,"H",1
411,"Males",2005,0,"Lambs",2005,700,1.49650047319561,21,"F",1
421,"Females",2005,0,"Lambs",2005,0,1.65825102935945,21,"G",0
164,"Males",2000,0,"Lambs",2000,300,2.21609613817004,21,"C",1
364,"Males",2004,0,"Lambs",2004,200,2.40755637712449,95,"B",0
579,"Females",2008,0,"Lambs",2008,0,2.05643345991817,22,"H",0
353,"Males",2004,0,"Lambs",2004,400,2.03900711214426,22,"C",0
162,"Females",2000,0,"Lambs",2000,100,1.89404525108011,22,"F",1
163,"Females",2000,0,"Lambs",2000,200,1.59940069434155,22,"G",1
600,"Females",2008,0,"Lambs",2008,300,1.61741873361169,22,"H",0
584,"Females",2008,0,"Lambs",2008,300,1.98838738799258,22,"C",0
577,"Males",2008,0,"Lambs",2008,600,2.1291976947426,23,"B",0
340,"Females",2004,0,"Lambs",2004,3800,2.31135928650749,23,"D",0
389,"Males",2004,0,"Lambs",2004,1500,2.23908725950314,23,"F",0
419,"Females",2005,0,"Lambs",2005,300,1.59148667161081,23,"B",1
182,"Females",2000,0,"Lambs",2000,400,1.64300530552181,23,"C",1
177,"Females",2000,0,"Lambs",2000,400,2.22006297757173,23,"A",1
573,"Females",2008,0,"Lambs",2008,600,2.43409514254486,23,"D",1
145,"Males",2000,0,"Lambs",2000,400,2.021713831601,23,"E",1
371,"Males",2004,0,"Lambs",2004,200,2.09372507188137,23,"D",0
390,"Females",2004,0,"Lambs",2004,400,2.02892770100439,23,"F",0
572,"Females",2008,0,"Lambs",2008,1000,2.14607972418042,23,"A",0
615,"Females",2008,0,"Lambs",2008,800,1.9384446201935,23,"C",0
183,"Males",2000,0,"Lambs",2000,2100,2.44037817250297,23,"D",0
401,"Females",2004,0,"Lambs",2004,1000,1.94307129076763,24,"G",0
580,"Males",2008,0,"Lambs",2008,1100,1.93790896689237,24,"D",1
585,"Males",2008,0,"Lambs",2008,200,2.14823595531643,24,"H",1
815,"Males",2013,0,"Lambs",2013,600,1.90791990677894,24,"G",1
570,"Males",2008,0,"Lambs",2008,50,2.02415206040792,24,"A",0
597,"Males",2008,0,"Lambs",2008,500,2.13944361421886,24,"H",1
360,"Females",2004,0,"Lambs",2004,100,1.94252304649282,24,"D",0
337,"Females",2004,0,"Lambs",2004,1000,1.90527431992035,24,"E",0
820,"Females",2013,0,"Lambs",2013,900,2.6343658889677,24,"D",1
434,"Females",2005,0,"Lambs",2005,400,1.84615493227463,25,"D",0
586,"Males",2008,0,"Lambs",2008,600,1.60928670600556,25,"A",0
315,"Males",2004,0,"Lambs",2004,1800,2.31935466844261,25,"F",0
409,"Females",2005,0,"Lambs",2005,800,2.2620524245716,25,"B",0
174,"Males",2000,0,"Lambs",2000,600,2.00945857564929,25,"C",1
358,"Males",2004,0,"Lambs",2004,600,2.29663662440982,26,"B",0
437,"Males",2005,0,"Lambs",2005,1000,2.03959545054478,26,"F",1
361,"Males",2004,0,"Lambs",2004,2600,1.95420107489532,26,"H",0
418,"Males",2005,0,"Lambs",2005,800,1.69748073413319,26,"A",0
319,"Females",2004,0,"Lambs",2004,800,1.67437818195444,26,"F",0
331,"Females",2004,0,"Lambs",2004,1400,1.81071074433351,26,"G",0
603,"Males",2008,0,"Lambs",2008,400,1.78382433519768,26,"H",1
414,"Females",2005,0,"Lambs",2005,2400,1.90771727524743,26,"E",1
387,"Females",2004,0,"Lambs",2004,4800,2.1652778708036,26,"A",0
567,"Males",2008,0,"Lambs",2008,100,1.92083687463026,26,"G",0
313,"Males",2004,0,"Lambs",2004,600,2.08589850685681,27,"B",0
173,"Females",2000,0,"Lambs",2000,400,1.99158349091678,27,"F",0
147,"Males",2000,0,"Lambs",2000,500,1.92725999470733,27,"D",1
375,"Females",2004,0,"Lambs",2004,1000,1.89065326188144,27,"F",0
438,"Females",2005,0,"Lambs",2005,200,2.22970071416471,27,"B",1
316,"Females",2004,0,"Lambs",2004,400,1.64537995876083,27,"E",1
344,"Males",2004,0,"Lambs",2004,800,2.09577008888181,27,"G",0
171,"Females",2000,0,"Lambs",2000,1600,2.17896022282744,28,"A",1
369,"Females",2004,0,"Lambs",2004,800,2.09992901073369,28,"F",0
332,"Males",2004,0,"Lambs",2004,600,1.80620989070852,28,"B",0
601,"Males",2008,0,"Lambs",2008,300,1.59407008992324,28,"A",0
591,"Males",2008,0,"Lambs",2008,50,2.19431597964404,28,"B",0
314,"Males",2004,0,"Lambs",2004,1000,1.99596849810071,29,"B",0
578,"Females",2008,0,"Lambs",2008,300,1.76397080625699,29,"A",0
391,"Females",2004,0,"Lambs",2004,400,1.81056593777207,29,"F",0
180,"Males",2000,0,"Lambs",2000,1200,1.92123668923767,29,"G",1
158,"Females",2000,0,"Lambs",2000,200,2.02213352878361,29,"H",0
366,"Females",2004,0,"Lambs",2004,100,1.99306794217575,29,"H",0
581,"Males",2008,0,"Lambs",2008,400,1.85779025780766,29,"E",1
377,"Females",2004,0,"Lambs",2004,900,1.91308761264067,29,"G",0
388,"Males",2004,0,"Lambs",2004,1700,1.8287286349686,29,"D",0
593,"Females",2008,0,"Lambs",2008,200,2.13278313059193,29,"E",0
345,"Males",2004,0,"Lambs",2004,1200,2.10545985166496,29,"D",0
420,"Males",2005,0,"Lambs",2005,1400,1.72075220250604,29,"G",0
146,"Females",2000,0,"Lambs",2000,100,2.50244698969259,30,"A",1
155,"Males",2000,0,"Lambs",2000,700,2.00154722121544,30,"C",1
816,"Females",2013,0,"Lambs",2013,300,2.23919332370599,30,"G",1
363,"Females",2004,0,"Lambs",2004,900,2.12518953841801,30,"H",0
407,"Females",2005,0,"Lambs",2005,200,1.64001813619421,30,"B",0
606,"Males",2008,0,"Lambs",2008,300,1.62224511604599,30,"G",0
143,"Males",2000,0,"Lambs",2000,200,2.08615368080724,30,"C",1
343,"Females",2004,0,"Lambs",2004,600,2.0761679233044,30,"E",0
373,"Males",2004,0,"Lambs",2004,300,2.14710340862813,30,"G",0
427,"Females",2005,0,"Lambs",2005,700,1.80738213160897,30,"F",1
576,"Males",2008,0,"Lambs",2008,100,2.0472108827141,31,"G",1
595,"Females",2008,0,"Lambs",2008,1200,1.94731387559472,31,"C",1
151,"Females",2000,0,"Lambs",2000,200,2.16292433943503,31,"A",1
326,"Females",2004,0,"Lambs",2004,800,1.87296866871839,31,"C",0
396,"Females",2004,0,"Lambs",2004,400,2.20382138485687,31,"D",0
819,"Males",2013,0,"Lambs",2013,400,2.06567892807854,31,"B",1
382,"Males",2004,0,"Lambs",2004,900,2.13724402268995,31,"C",0
374,"Males",2004,0,"Lambs",2004,1000,2.53160168763929,31,"A",0
333,"Females",2004,0,"Lambs",2004,200,2.12014103897224,32,"F",0
357,"Females",2004,0,"Lambs",2004,400,2.00212326338761,32,"H",0
393,"Males",2004,0,"Lambs",2004,1200,2.1958986703158,32,"B",0
378,"Males",2004,0,"Lambs",2004,500,2.07449317555653,32,"F",0
370,"Females",2004,0,"Lambs",2004,900,1.76801456256281,32,"H",0
613,"Males",2008,0,"Lambs",2008,600,1.74560083670864,32,"A",0
599,"Females",2008,0,"Lambs",2008,100,1.80357836657698,32,"C",1
312,"Females",2004,0,"Lambs",2004,800,1.57817683998978,32,"G",0
379,"Males",2004,0,"Lambs",2004,600,2.14185639487968,32,"A",0
413,"Females",2005,0,"Lambs",2005,300,2.42202395486108,32,"D",1
424,"Females",2005,0,"Lambs",2005,400,1.60880238138091,32,"G",1
381,"Males",2004,0,"Lambs",2004,1500,2.55677179696008,33,"A",0
179,"Males",2000,0,"Lambs",2000,1000,2.10159825169623,33,"B",0
435,"Females",2005,0,"Lambs",2005,1200,1.70077660829342,33,"E",0
383,"Females",2004,0,"Lambs",2004,1200,2.13639805502056,33,"G",0
588,"Females",2008,0,"Lambs",2008,800,2.0071125058819,33,"A",1
172,"Males",2000,0,"Lambs",2000,500,1.53871539674839,33,"B",1
605,"Females",2008,0,"Lambs",2008,200,1.96944584288374,33,"H",1
160,"Males",2000,0,"Lambs",2000,300,2.14337397461217,33,"B",1
351,"Males",2004,0,"Lambs",2004,1600,1.9871018854324,33,"D",0
412,"Females",2005,0,"Lambs",2005,800,1.58620597655437,33,"F",0
592,"Males",2008,0,"Lambs",2008,1200,1.63521334020339,33,"G",0
417,"Females",2005,0,"Lambs",2005,600,1.78481283525417,33,"C",1
569,"Males",2008,0,"Lambs",2008,1600,1.97389326873306,33,"D",0
416,"Females",2005,0,"Lambs",2005,900,1.72011588023092,33,"H",1
395,"Females",2004,0,"Lambs",2004,1000,1.81611564037584,34,"C",0
376,"Females",2004,0,"Lambs",2004,800,2.11083785661672,34,"H",0
368,"Males",2004,0,"Lambs",2004,1200,2.24016299711926,34,"A",0
156,"Males",2000,0,"Lambs",2000,200,2.01054289249678,34,"C",1
317,"Females",2004,0,"Lambs",2004,400,2.19393720089677,34,"E",0
436,"Males",2005,0,"Lambs",2005,2100,1.15760909395102,34,"G",0
602,"Females",2008,0,"Lambs",2008,200,1.74702241468348,34,"C",0
817,"Females",2013,0,"Lambs",2013,200,1.71077772518074,34,"H",1
335,"Females",2004,0,"Lambs",2004,900,1.75771202351131,34,"G",0
428,"Males",2005,0,"Lambs",2005,1700,2.15432520066166,35,"A",0
384,"Females",2004,0,"Lambs",2004,700,1.72951849785895,35,"F",0
170,"Females",2000,0,"Lambs",2000,400,2.26714680426748,35,"G",1
405,"Females",2005,0,"Lambs",2005,700,1.75679494530148,35,"B",1
410,"Females",2005,0,"Lambs",2005,1300,1.7180850045794,35,"F",0
604,"Males",2008,0,"Lambs",2008,300,1.88557851664017,35,"H",0
818,"Females",2013,0,"Lambs",2013,500,1.97401078515779,35,"B",1
425,"Females",2005,0,"Lambs",2005,2100,1.61633645120458,35,"E",1
594,"Males",2008,0,"Lambs",2008,2100,1.87052458815536,35,"G",1
582,"Females",2008,0,"Lambs",2008,400,2.14594230893594,35,"A",0
159,"Males",2000,0,"Lambs",2000,200,1.84025429351766,35,"G",1
338,"Males",2004,0,"Lambs",2004,600,2.19435093972306,35,"C",0
329,"Males",2004,0,"Lambs",2004,1200,2.06975198271639,35,"D",0
571,"Females",2008,0,"Lambs",2008,100,1.6030066569666,35,"F",1
328,"Males",2004,0,"Lambs",2004,2600,2.17019486077976,35,"B",0
142,"Females",2000,0,"Lambs",2000,300,2.29762768003707,35,"D",1
587,"Males",2008,0,"Lambs",2008,1800,2.16634671034451,35,"E",0
430,"Males",2005,0,"Lambs",2005,600,1.58992947853164,36,"H",1
318,"Females",2004,0,"Lambs",2004,200,1.92911438063993,36,"E",0
821,"Females",2013,0,"Lambs",2013,400,1.4959023411096,36,"F",1
590,"Males",2008,0,"Lambs",2008,200,1.76668072718857,36,"F",1
575,"Females",2008,0,"Lambs",2008,200,1.89837632603218,36,"H",0
148,"Females",2000,0,"Lambs",2000,800,1.97456855394105,36,"C",0
406,"Females",2005,0,"Lambs",2005,0,1.56811916867385,36,"E",0
431,"Females",2005,0,"Lambs",2005,800,1.70055553198697,36,"F",1
611,"Females",2008,0,"Lambs",2008,0,1.94017567347482,36,"F",1
153,"Females",2000,0,"Lambs",2000,300,2.02948976071686,37,"B",0
325,"Males",2004,0,"Lambs",2004,1400,1.8311378232602,37,"E",0
347,"Females",2004,0,"Lambs",2004,800,1.90924134307078,37,"A",0
321,"Females",2004,0,"Lambs",2004,300,1.75586079439948,37,"C",0
404,"Females",2004,0,"Lambs",2004,300,1.90643826691926,37,"F",0
380,"Females",2004,0,"Lambs",2004,600,2.05736773081096,37,"G",0
152,"Females",2000,0,"Lambs",2000,200,1.85434406571027,37,"H",0
323,"Females",2004,0,"Lambs",2004,600,2.08038218410329,37,"A",0
589,"Males",2008,0,"Lambs",2008,800,1.604666148007,37,"B",0
327,"Males",2004,0,"Lambs",2004,100,1.34162049068264,37,"F",0
608,"Males",2008,0,"Lambs",2008,100,1.80291636691577,37,"B",0
154,"Males",2000,0,"Lambs",2000,500,1.87037058523834,37,"A",1
399,"Females",2004,0,"Lambs",2004,1800,1.74557192628139,37,"F",0
583,"Females",2008,0,"Lambs",2008,1100,2.51030582548455,37,"B",1
362,"Males",2004,0,"Lambs",2004,2000,1.88416130463816,37,"G",0
408,"Males",2005,0,"Lambs",2005,1500,1.60972619813079,37,"H",0
168,"Females",2000,0,"Lambs",2000,0,2.34724941909393,38,"A",1
400,"Males",2004,0,"Lambs",2004,3700,1.85626346874004,38,"D",0
175,"Males",2000,0,"Lambs",2000,100,1.50028206543999,38,"E",0
394,"Females",2004,0,"Lambs",2004,600,1.75145784480866,38,"H",0
352,"Females",2004,0,"Lambs",2004,900,1.91770741523191,38,"E",0
339,"Females",2004,0,"Lambs",2004,400,2.04485572287482,38,"F",0
167,"Females",2000,0,"Lambs",2000,300,1.91581985452151,38,"A",1
322,"Males",2004,0,"Lambs",2004,900,1.8736403924535,38,"C",1
181,"Males",2000,0,"Lambs",2000,200,2.37068880319966,38,"C",1
355,"Females",2004,0,"Lambs",2004,2000,2.25963346826907,38,"G",0
568,"Females",2008,0,"Lambs",2008,1000,1.84018863388662,39,"C",1
356,"Males",2004,0,"Lambs",2004,1400,2.16719759107923,39,"C",0
386,"Females",2004,0,"Lambs",2004,1200,2.08490698644555,39,"A",0
178,"Females",2000,0,"Lambs",2000,400,1.40022535736853,39,"C",0
432,"Males",2005,0,"Lambs",2005,400,1.88779188103471,39,"D",0
365,"Females",2004,0,"Lambs",2004,1800,1.85223343422425,39,"E",0
334,"Males",2004,0,"Lambs",2004,1100,1.61578419084216,39,"E",0
423,"Males",2005,0,"Lambs",2005,600,1.55450784516959,39,"F",0
614,"Females",2008,0,"Lambs",2008,300,1.50055352246688,39,"H",1
566,"Males",2008,0,"Lambs",2008,1000,1.55950481225562,40,"B",0
596,"Males",2008,0,"Lambs",2008,600,2.30014172987913,40,"A",1
341,"Females",2004,0,"Lambs",2004,300,1.57417332620423,40,"G",0
161,"Females",2000,0,"Lambs",2000,500,1.7295677643596,40,"C",1
392,"Males",2004,0,"Lambs",2004,1000,2.09768954035899,40,"D",0
320,"Males",2004,0,"Lambs",2004,1800,2.05767409914324,40,"E",1
349,"Females",2004,0,"Lambs",2004,400,2.38890250750398,40,"E",0
426,"Females",2005,0,"Lambs",2005,700,1.49608687958701,81,"D",1
429,"Females",2005,0,"Lambs",2005,200,1.9395893693392,81,"H",1
415,"Females",2005,0,"Lambs",2005,400,1.57134871699489,81,"C",0
403,"Males",2004,0,"Lambs",2004,500,2.25592777276843,81,"G",0
346,"Males",2004,0,"Lambs",2004,1200,1.57508798906723,96,"A",0
609,"Males",2008,0,"Lambs",2008,200,1.75000699002733,81,"D",1
607,"Females",2008,0,"Lambs",2008,600,1.58740016961175,81,"A",1
350,"Males",2004,0,"Lambs",2004,600,1.90714823114399,81,"B",0
704,"Females",2010,0,"Lambs",2010,800,2.05852224424353,41,"F",0
24,"Males",1998,0,"Lambs",1998,500,1.96630970928884,41,"B",0
734,"Males",2010,0,"Lambs",2010,300,1.93060583773801,96,"B",0
60,"Males",1998,0,"Lambs",1998,300,1.97574764431771,41,"C",0
728,"Females",2010,0,"Lambs",2010,100,2.08766415480536,41,"E",1
18,"Females",1998,0,"Lambs",1998,200,2.22806531241586,41,"B",0
724,"Males",2010,0,"Lambs",2010,600,2.01046156871197,42,"D",0
695,"Females",2010,0,"Lambs",2010,100,1.98222315865569,42,"E",1
689,"Males",2010,0,"Lambs",2010,2400,1.63917611817644,42,"F",0
16,"Males",1998,0,"Lambs",1998,1400,1.7467205697442,42,"F",0
719,"Females",2010,0,"Lambs",2010,1200,2.25403989485898,43,"E",0
14,"Males",1998,0,"Lambs",1998,800,1.47370154811225,43,"D",0
709,"Females",2010,0,"Lambs",2010,300,2.54827383062685,95,"G",0
42,"Males",1998,0,"Lambs",1998,1000,2.36591571123188,45,"A",0
249,"Females",2002,0,"Lambs",2002,1000,2.52744986234499,45,"D",1
737,"Females",2010,0,"Lambs",2010,0,2.28424020662687,45,"G",1
34,"Males",1998,0,"Lambs",1998,1600,1.72936225232338,45,"C",0
6,"Males",1998,0,"Lambs",1998,1400,2.3850943409233,45,"E",0
44,"Males",1998,0,"Lambs",1998,1800,2.08571374694145,45,"D",NA
20,"Females",1998,0,"Lambs",1998,500,1.66203145094617,45,"H",0
699,"Females",2010,0,"Lambs",2010,600,2.40634333699103,45,"B",0
736,"Males",2010,0,"Lambs",2010,400,1.72937437656465,46,"C",0
739,"Males",2010,0,"Lambs",2010,200,1.98311067991297,46,"C",0
693,"Females",2010,0,"Lambs",2010,600,2.17667070071188,47,"D",1
712,"Females",2010,0,"Lambs",2010,400,2.06018957922523,47,"H",0
7,"Females",1998,0,"Lambs",1998,1000,1.92455812881694,47,"D",0
740,"Females",2010,0,"Lambs",2010,1200,1.71607481035629,47,"E",0
35,"Males",1998,0,"Lambs",1998,2600,2.13372643691903,48,"D",0
826,"Males",2014,0,"Lambs",2014,200,1.7210586679052,48,"F",1
71,"Females",1998,0,"Lambs",1998,700,1.87932568770268,48,"A",1
31,"Females",1998,0,"Lambs",1998,600,1.94266243766528,48,"B",0
733,"Males",2010,0,"Lambs",2010,600,1.74635778796186,48,"D",0
49,"Females",1998,0,"Lambs",1998,600,1.46033658369841,48,"E",0
23,"Males",1998,0,"Lambs",1998,1400,2.39944472868724,48,"C",0
25,"Females",1998,0,"Lambs",1998,200,2.37365198047532,49,"A",0
54,"Females",1998,0,"Lambs",1998,200,2.20712766563632,49,"B",0
64,"Females",1998,0,"Lambs",1998,800,2.3654033627764,49,"F",0
3,"Females",1998,0,"Lambs",1998,200,2.05684889072663,49,"D",1
683,"Males",2010,0,"Lambs",2010,1000,2.03856240907906,49,"A",0
58,"Females",1998,0,"Lambs",1998,300,1.84225276207055,49,"D",1
705,"Males",2010,0,"Lambs",2010,400,1.77831589077085,49,"F",0
829,"Males",2014,0,"Lambs",2014,600,1.84908221272917,49,"A",1
26,"Females",1998,0,"Lambs",1998,800,1.69931516422665,49,"C",0
716,"Females",2010,0,"Lambs",2010,200,1.95345902743863,49,"H",1
55,"Males",1998,0,"Lambs",1998,300,2.02840908319915,49,"C",0
50,"Females",1998,0,"Lambs",1998,600,2.04663905991219,49,"C",0
46,"Males",1998,0,"Lambs",1998,600,1.8426582025043,50,"D",0
823,"Males",2014,0,"Lambs",2014,500,1.71471652142122,50,"G",1
253,"Females",2002,0,"Lambs",2002,1600,1.80417837377101,50,"F",1
52,"Males",1998,0,"Lambs",1998,200,1.92280051010342,50,"C",0
2,"Females",1998,0,"Lambs",1998,1500,1.96104387640208,50,"D",0
13,"Females",1998,0,"Lambs",1998,500,1.8205227651823,51,"F",0
690,"Males",2010,0,"Lambs",2010,1500,2.28516314464717,51,"C",0
62,"Males",1998,0,"Lambs",1998,300,1.96760106851757,51,"D",0
715,"Males",2010,0,"Lambs",2010,1600,1.8618752761086,51,"C",0
711,"Females",2010,0,"Lambs",2010,200,1.74477808904038,51,"D",0
824,"Females",2014,0,"Lambs",2014,300,1.68314313153102,51,"E",1
718,"Males",2010,0,"Lambs",2010,900,2.24137912123494,51,"H",0
41,"Females",1998,0,"Lambs",1998,400,1.6092399387791,51,"D",0
720,"Females",2010,0,"Lambs",2010,1400,1.94860769682498,51,"F",0
697,"Females",2010,0,"Lambs",2010,300,1.77535751127827,51,"H",0
39,"Males",1998,0,"Lambs",1998,1600,2.17110052927807,52,"C",0
687,"Females",2010,0,"Lambs",2010,700,1.61676665201825,52,"A",1
828,"Females",2014,0,"Lambs",2014,1300,1.41090069428362,52,"D",1
831,"Males",2014,0,"Lambs",2014,300,1.79861958314072,52,"B",1
703,"Females",2010,0,"Lambs",2010,1000,2.09140112947841,52,"H",0
691,"Females",2010,0,"Lambs",2010,700,2.30055049081626,52,"A",1
28,"Males",1998,0,"Lambs",1998,600,1.83685292102476,53,"A",0
33,"Females",1998,0,"Lambs",1998,200,1.65675609965524,53,"C",1
692,"Males",2010,0,"Lambs",2010,200,1.94594208034265,53,"E",0
74,"Females",1998,0,"Lambs",1998,500,1.7849599303697,53,"G",0
700,"Males",2010,0,"Lambs",2010,800,2.03123199179789,53,"H",0
726,"Females",2010,0,"Lambs",2010,400,1.79309164826049,53,"C",1
731,"Females",2010,0,"Lambs",2010,700,1.48946602234686,53,"B",0
5,"Males",1998,0,"Lambs",1998,300,1.71355059605962,54,"H",0
738,"Males",2010,0,"Lambs",2010,200,1.78753175876698,54,"A",0
56,"Males",1998,0,"Lambs",1998,100,1.93885927635236,54,"B",0
723,"Females",2010,0,"Lambs",2010,600,1.92726182528687,54,"G",1
707,"Males",2010,0,"Lambs",2010,800,2.07382538645178,54,"B",0
32,"Females",1998,0,"Lambs",1998,1500,2.03770445508448,54,"D",0
21,"Females",1998,0,"Lambs",1998,400,1.81808988627965,54,"E",0
685,"Females",2010,0,"Lambs",2010,600,2.11417538470287,55,"D",0
10,"Males",1998,0,"Lambs",1998,1200,1.85547673675448,55,"E",0
706,"Males",2010,0,"Lambs",2010,1100,1.83854696957095,55,"F",0
40,"Females",1998,0,"Lambs",1998,700,1.49342709772079,55,"E",0
47,"Females",1998,0,"Lambs",1998,700,2.02569323193822,55,"A",0
244,"Males",2002,0,"Lambs",2002,1200,2.10747625458611,55,"H",1
698,"Males",2010,0,"Lambs",2010,600,1.90003972254671,55,"H",1
822,"Females",2014,0,"Lambs",2014,500,2.36056242743891,55,"B",1
735,"Females",2010,0,"Lambs",2010,200,2.07828517662533,56,"B",0
686,"Females",2010,0,"Lambs",2010,600,2.08147951362288,56,"E",0
725,"Females",2010,0,"Lambs",2010,200,1.88896920720232,56,"A",1
77,"Females",1998,0,"Lambs",1998,1000,1.52808699327123,56,"E",0
27,"Females",1998,0,"Lambs",1998,600,1.87989944697687,56,"G",1
717,"Males",2010,0,"Lambs",2010,600,2.56966627414266,56,"C",0
250,"Males",2002,0,"Lambs",2002,900,1.97874889993728,56,"F",1
696,"Females",2010,0,"Lambs",2010,200,1.94174934579507,57,"B",0
710,"Females",2010,0,"Lambs",2010,200,2.06970569675468,57,"D",0
248,"Females",2002,0,"Lambs",2002,1600,1.96214516146782,57,"F",1
729,"Females",2010,0,"Lambs",2010,200,1.93375548039353,57,"G",1
713,"Females",2010,0,"Lambs",2010,200,1.40960954150858,57,"A",0
53,"Males",1998,0,"Lambs",1998,800,1.73911053939741,57,"H",0
727,"Females",2010,0,"Lambs",2010,800,1.70801265658351,57,"A",1
702,"Females",2010,0,"Lambs",2010,1800,2.04163787294948,57,"D",0
714,"Males",2010,0,"Lambs",2010,400,1.67783844035833,57,"E",0
73,"Females",1998,0,"Lambs",1998,300,1.61257080988691,57,"E",0
694,"Females",2010,0,"Lambs",2010,1400,1.59628703110855,57,"G",0
825,"Females",2014,0,"Lambs",2014,200,1.98576825922007,57,"E",1
9,"Males",1998,0,"Lambs",1998,1200,1.70188428284591,58,"E",0
29,"Males",1998,0,"Lambs",1998,600,2.29265570718953,58,"G",0
721,"Females",2010,0,"Lambs",2010,700,1.36829913413623,58,"D",0
701,"Females",2010,0,"Lambs",2010,100,1.41601799562129,59,"B",0
43,"Males",1998,0,"Lambs",1998,300,1.83221846530336,59,"D",0
63,"Females",1998,0,"Lambs",1998,200,1.87403325612733,59,"A",0
11,"Females",1998,0,"Lambs",1998,1000,1.65843322963892,59,"F",0
68,"Males",1998,0,"Lambs",1998,600,1.61904636121204,59,"G",0
67,"Females",1998,0,"Lambs",1998,200,2.32834295952666,59,"D",0
252,"Females",2002,0,"Lambs",2002,200,2.17454694352058,59,"F",0
30,"Females",1998,0,"Lambs",1998,700,1.89217123056871,60,"B",0
246,"Males",2002,0,"Lambs",2002,400,1.97394146761857,60,"C",1
57,"Males",1998,0,"Lambs",1998,200,2.23994188190505,60,"D",0
61,"Males",1998,0,"Lambs",1998,200,1.52213486338485,60,"F",0
37,"Females",1998,0,"Lambs",1998,600,2.29599213623008,60,"D",0
17,"Females",1998,0,"Lambs",1998,200,2.38952981352881,82,"A",0
36,"Females",1998,0,"Lambs",1998,1800,2.35752272003581,82,"D",0
827,"Males",2014,0,"Lambs",2014,600,2.07003666349275,82,"G",1
732,"Males",2010,0,"Lambs",2010,400,1.64751722220194,82,"H",0
830,"Males",2014,0,"Lambs",2014,600,2.27265566887607,82,"A",1
794,"Males",2011,0,"Lambs",2011,900,2.29789751635417,61,"A",0
791,"Females",2011,0,"Lambs",2011,2800,2.50599197009108,61,"F",0
279,"Females",2003,0,"Lambs",2003,700,2.18485605244506,61,"G",1
449,"Males",2006,0,"Lambs",2006,1400,2.12147709066258,61,"G",0
83,"Males",1999,0,"Lambs",1999,200,2.00644081685064,61,"H",1
264,"Males",2003,0,"Lambs",2003,600,1.63603893510447,61,"E",1
268,"Females",2003,0,"Lambs",2003,200,2.63461585185957,61,"B",0
448,"Females",2006,0,"Lambs",2006,300,2.09489513503804,61,"E",0
440,"Males",2006,0,"Lambs",2006,200,1.81370041922143,61,"D",0
443,"Females",2006,0,"Lambs",2006,600,2.06036664161961,61,"B",0
787,"Males",2011,0,"Lambs",2011,2600,2.19533910197495,61,"C",0
745,"Females",2011,0,"Lambs",2011,400,2.1034902128264,62,"B",0
772,"Females",2011,0,"Lambs",2011,1100,1.82298440141512,62,"G",0
465,"Females",2006,0,"Lambs",2006,200,1.78785716547172,62,"B",0
298,"Females",2003,0,"Lambs",2003,200,1.84629640728728,62,"B",1
300,"Females",2003,0,"Lambs",2003,0,1.74122696653827,62,"C",1
131,"Females",1999,0,"Lambs",1999,100,1.82020285163461,62,"E",1
764,"Females",2011,0,"Lambs",2011,2800,1.6588815962162,62,"B",0
115,"Males",1999,0,"Lambs",1999,500,2.21223069975313,62,"D",1
472,"Males",2006,0,"Lambs",2006,300,1.96850033315253,62,"E",0
471,"Males",2006,0,"Lambs",2006,200,1.71854421530446,62,"G",0
753,"Females",2011,0,"Lambs",2011,800,1.92975138580442,62,"F",0
458,"Males",2006,0,"Lambs",2006,700,2.15657937429185,62,"G",0
486,"Males",2006,0,"Lambs",2006,400,1.86969945718808,63,"C",0
256,"Females",2003,0,"Lambs",2003,100,1.92764590843913,63,"B",1
476,"Males",2006,0,"Lambs",2006,400,1.82806832623647,63,"C",1
785,"Females",2011,0,"Lambs",2011,400,1.90710249513346,63,"D",0
123,"Males",1999,0,"Lambs",1999,100,1.98028607057107,63,"F",1
752,"Females",2011,0,"Lambs",2011,200,1.19049334010265,63,"A",0
294,"Females",2003,0,"Lambs",2003,400,1.64362584217655,63,"C",1
797,"Males",2011,0,"Lambs",2011,400,1.78840901052323,63,"D",0
758,"Males",2011,0,"Lambs",2011,1400,2.2441949270337,63,"E",0
139,"Females",1999,0,"Lambs",1999,1400,2.02284833786005,63,"G",1
788,"Females",2011,0,"Lambs",2011,900,1.6448025635438,63,"G",1
463,"Males",2006,0,"Lambs",2006,200,1.66706032798204,64,"F",0
464,"Males",2006,0,"Lambs",2006,600,1.9923732610463,64,"G",0
784,"Females",2011,0,"Lambs",2011,900,2.01043434366883,64,"A",0
260,"Females",2003,0,"Lambs",2003,0,1.65655527887069,64,"F",1
261,"Females",2003,0,"Lambs",2003,100,2.00556429368001,64,"B",1
276,"Males",2003,0,"Lambs",2003,200,2.09604239768577,64,"C",1
770,"Females",2011,0,"Lambs",2011,200,2.0853867581099,64,"D",0
439,"Males",2006,0,"Lambs",2006,200,2.21516131281609,64,"H",0
278,"Males",2003,0,"Lambs",2003,0,1.79461845329288,64,"G",1
452,"Males",2006,0,"Lambs",2006,400,2.48854626343927,65,"A",0
442,"Females",2006,0,"Lambs",2006,200,2.00771819924461,65,"D",1
779,"Females",2011,0,"Lambs",2011,300,1.83845363267706,65,"E",0
444,"Males",2006,0,"Lambs",2006,800,1.96358612780609,65,"H",0
118,"Females",1999,0,"Lambs",1999,300,1.77483387923275,65,"D",1
479,"Males",2006,0,"Lambs",2006,600,1.48736278189977,65,"E",0
88,"Males",1999,0,"Lambs",1999,1200,2.03551541071234,65,"D",1
292,"Females",2003,0,"Lambs",2003,200,2.37097547556879,65,"G",1
306,"Females",2003,0,"Lambs",2003,400,1.99979247848489,65,"C",1
266,"Females",2003,0,"Lambs",2003,200,1.86113279683363,65,"H",0
469,"Males",2006,0,"Lambs",2006,600,2.15949735489229,66,"D",0
95,"Females",1999,0,"Lambs",1999,100,2.11406158140525,66,"E",1
481,"Males",2006,0,"Lambs",2006,2200,2.18360021092391,66,"F",0
744,"Males",2011,0,"Lambs",2011,1500,2.04740217837666,66,"G",0
755,"Females",2011,0,"Lambs",2011,200,2.11721641067254,66,"B",0
270,"Females",2003,0,"Lambs",2003,800,2.15566081651052,66,"C",1
135,"Females",1999,0,"Lambs",1999,900,2.36055047292773,66,"G",1
483,"Males",2006,0,"Lambs",2006,1400,2.18772002971023,66,"H",0
116,"Males",1999,0,"Lambs",1999,200,1.76184204163845,66,"B",1
462,"Females",2006,0,"Lambs",2006,500,2.40792518962829,67,"B",0
478,"Females",2006,0,"Lambs",2006,400,1.88319399969739,67,"D",1
84,"Females",1999,0,"Lambs",1999,200,1.80348675359234,67,"H",1
104,"Females",1999,0,"Lambs",1999,300,2.06770793480134,67,"B",1
285,"Males",2003,0,"Lambs",2003,200,2.32098635647356,67,"C",1
291,"Females",2003,0,"Lambs",2003,600,2.03172381594568,67,"H",1
130,"Males",1999,0,"Lambs",1999,200,1.83373152575385,67,"H",1
297,"Females",2003,0,"Lambs",2003,100,2.2241377751067,67,"H",1
768,"Females",2011,0,"Lambs",2011,100,1.74907209076058,67,"D",0
455,"Females",2006,0,"Lambs",2006,300,1.78339851568029,67,"H",1
776,"Females",2011,0,"Lambs",2011,600,1.85232766681173,67,"C",0
263,"Males",2003,0,"Lambs",2003,0,2.22144567144777,67,"E",1
111,"Females",1999,0,"Lambs",1999,1000,1.93561968298207,68,"B",1
120,"Females",1999,0,"Lambs",1999,200,1.91691983901106,68,"H",1
749,"Males",2011,0,"Lambs",2011,1000,1.51021527088668,68,"F",0
108,"Males",1999,0,"Lambs",1999,400,1.74068559174059,68,"G",1
302,"Females",2003,0,"Lambs",2003,100,1.51486562858419,68,"D",0
121,"Females",1999,0,"Lambs",1999,100,2.03505223624898,68,"F",1
255,"Females",2003,0,"Lambs",2003,100,1.6526233433786,68,"D",1
132,"Males",1999,0,"Lambs",1999,200,2.08223549420734,68,"A",1
796,"Females",2011,0,"Lambs",2011,600,2.33052886948944,68,"B",0
85,"Males",1999,0,"Lambs",1999,400,2.19217055955973,69,"A",1
757,"Males",2011,0,"Lambs",2011,400,2.4145456482181,69,"E",0
91,"Males",1999,0,"Lambs",1999,400,1.94148300843204,69,"F",1
82,"Females",1999,0,"Lambs",1999,500,2.0522425734271,69,"G",1
98,"Males",1999,0,"Lambs",1999,2400,2.43510075078924,69,"A",1
756,"Females",2011,0,"Lambs",2011,0,1.8289793861763,69,"B",1
96,"Females",1999,0,"Lambs",1999,500,1.7293131056126,69,"D",1
134,"Females",1999,0,"Lambs",1999,400,2.06069956265741,69,"A",1
129,"Females",1999,0,"Lambs",1999,1200,2.16595029512605,69,"B",1
470,"Females",2006,0,"Lambs",2006,200,1.893784284227,69,"C",0
751,"Males",2011,0,"Lambs",2011,1300,2.20766729233588,69,"E",0
488,"Males",2006,0,"Lambs",2006,200,2.00201000322659,69,"F",0
489,"Males",2006,0,"Lambs",2006,500,1.69739520864797,69,"E",0
769,"Males",2011,0,"Lambs",2011,1000,2.14305061484014,69,"E",0
480,"Males",2006,0,"Lambs",2006,1000,1.98360039488829,70,"A",0
743,"Males",2011,0,"Lambs",2011,1200,1.85042659766273,70,"H",0
92,"Females",1999,0,"Lambs",1999,300,1.98451856700046,70,"F",1
793,"Males",2011,0,"Lambs",2011,200,1.60736812978374,70,"G",0
93,"Males",1999,0,"Lambs",1999,400,1.6111218707931,70,"H",1
792,"Males",2011,0,"Lambs",2011,1600,1.97735099414823,70,"D",0
117,"Females",1999,0,"Lambs",1999,600,1.39100248474127,70,"F",1
308,"Females",2003,0,"Lambs",2003,300,1.69131257948948,70,"G",1
89,"Males",1999,0,"Lambs",1999,1300,2.18211825606177,70,"B",1
284,"Females",2003,0,"Lambs",2003,0,2.07031130972393,70,"G",1
81,"Females",1999,0,"Lambs",1999,800,2.03504203343285,71,"F",1
467,"Females",2006,0,"Lambs",2006,200,2.04443032757768,71,"G",1
445,"Females",2006,0,"Lambs",2006,200,1.62602875235477,71,"B",0
777,"Females",2011,0,"Lambs",2011,1000,1.40342043582647,71,"D",0
258,"Males",2003,0,"Lambs",2003,500,1.88611898655678,71,"E",1
127,"Females",1999,0,"Lambs",1999,600,1.81982218098319,71,"F",1
485,"Females",2006,0,"Lambs",2006,1200,1.98887244023949,71,"G",0
97,"Males",1999,0,"Lambs",1999,200,1.89969740939397,71,"A",0
275,"Males",2003,0,"Lambs",2003,300,1.9655228539322,71,"G",1
122,"Females",1999,0,"Lambs",1999,600,1.87784290065965,96,"A",1
100,"Males",1999,0,"Lambs",1999,400,1.97239399336507,71,"B",0
762,"Males",2011,0,"Lambs",2011,1000,1.64983180218459,71,"E",0
78,"Males",1999,0,"Lambs",1999,500,1.96429861727429,71,"G",0
124,"Males",1999,0,"Lambs",1999,500,2.4047950604919,72,"A",0
290,"Males",2003,0,"Lambs",2003,200,1.63151202567436,72,"A",0
101,"Males",1999,0,"Lambs",1999,400,1.73381708654287,72,"E",NA
310,"Females",2003,0,"Lambs",2003,1200,2.08527068156423,72,"G",0
304,"Males",2003,0,"Lambs",2003,200,2.05067025713492,72,"A",1
113,"Females",1999,0,"Lambs",1999,600,1.60018036580418,72,"E",0
281,"Males",2003,0,"Lambs",2003,700,1.49147209525828,72,"H",1
795,"Females",2011,0,"Lambs",2011,800,2.00441251392782,72,"C",0
296,"Females",2003,0,"Lambs",2003,1200,1.85126364448095,72,"D",1
466,"Males",2006,0,"Lambs",2006,2400,2.16207613418362,72,"G",0
257,"Females",2003,0,"Lambs",2003,700,1.90621380904654,72,"G",1
109,"Females",1999,0,"Lambs",1999,300,1.84461014261463,73,"E",1
746,"Females",2011,0,"Lambs",2011,300,1.85008535318743,73,"B",0
271,"Females",2003,0,"Lambs",2003,0,1.60442554798011,73,"E",1
778,"Females",2011,0,"Lambs",2011,900,2.21170403929279,73,"G",0
771,"Females",2011,0,"Lambs",2011,200,1.62776129184577,73,"B",0
451,"Males",2006,0,"Lambs",2006,400,1.65357805344801,73,"E",0
487,"Females",2006,0,"Lambs",2006,200,1.94001483125207,73,"F",1
287,"Females",2003,0,"Lambs",2003,0,1.66348477085357,73,"G",1
87,"Males",1999,0,"Lambs",1999,100,1.956060050801,73,"B",1
450,"Males",2006,0,"Lambs",2006,1000,2.29916807387336,74,"G",0
99,"Males",1999,0,"Lambs",1999,1000,2.10249112996155,74,"B",1
783,"Males",2011,0,"Lambs",2011,4400,1.69564802645233,74,"E",0
474,"Males",2006,0,"Lambs",2006,800,1.64079090175636,74,"H",0
461,"Females",2006,0,"Lambs",2006,200,1.66258158779758,74,"G",0
780,"Males",2011,0,"Lambs",2011,700,1.57807848761346,74,"C",1
295,"Females",2003,0,"Lambs",2003,0,2.17062472443611,75,"F",1
262,"Females",2003,0,"Lambs",2003,400,2.34567679880452,75,"G",1
782,"Males",2011,0,"Lambs",2011,1100,1.63054723405937,75,"D",0
456,"Males",2006,0,"Lambs",2006,600,2.13233353126133,75,"E",0
742,"Males",2011,0,"Lambs",2011,1600,2.1338692324889,75,"G",0
482,"Males",2006,0,"Lambs",2006,300,1.76594988845357,75,"C",0
301,"Females",2003,0,"Lambs",2003,100,1.83342647073328,75,"D",1
457,"Males",2006,0,"Lambs",2006,400,0.981136318252012,75,"E",0
741,"Females",2011,0,"Lambs",2011,400,1.95627363349293,75,"F",0
763,"Males",2011,0,"Lambs",2011,1200,1.52328748044796,75,"G",0
138,"Males",1999,0,"Lambs",1999,200,1.93912188324588,76,"C",0
133,"Females",1999,0,"Lambs",1999,1200,1.40424910664764,76,"A",1
282,"Females",2003,0,"Lambs",2003,600,2.2788361789005,76,"B",1
274,"Females",2003,0,"Lambs",2003,200,1.62432255035328,76,"B",1
475,"Males",2006,0,"Lambs",2006,400,1.63838065931439,76,"G",0
477,"Females",2006,0,"Lambs",2006,400,1.25513335097903,77,"E",0
293,"Females",2003,0,"Lambs",2003,200,1.42700413346912,77,"F",1
114,"Females",1999,0,"Lambs",1999,800,1.91588271950931,77,"H",1
273,"Females",2003,0,"Lambs",2003,200,2.1943323232078,77,"C",1
446,"Females",2006,0,"Lambs",2006,2000,1.81413923672876,77,"F",0
137,"Females",1999,0,"Lambs",1999,200,2.59808378724634,78,"A",1
775,"Males",2011,0,"Lambs",2011,1400,2.17971611107065,78,"E",0
112,"Males",1999,0,"Lambs",1999,1500,1.81401832372297,78,"A",1
441,"Males",2006,0,"Lambs",2006,600,2.04416294279521,78,"B",0
80,"Females",1999,0,"Lambs",1999,600,1.42133759097347,78,"F",1
759,"Females",2011,0,"Lambs",2011,200,1.90531125407574,78,"D",1
119,"Females",1999,0,"Lambs",1999,100,2.07769902581326,78,"A",1
136,"Females",1999,0,"Lambs",1999,2200,2.00108200776244,78,"C",1
299,"Females",2003,0,"Lambs",2003,200,2.17795447089106,78,"D",1
141,"Males",1999,0,"Lambs",1999,900,2.24931107563452,78,"B",1
761,"Females",2011,0,"Lambs",2011,800,1.55393734812489,78,"E",0
453,"Females",2006,0,"Lambs",2006,600,1.93934804060433,78,"H",0
765,"Males",2011,0,"Lambs",2011,3800,1.84676883082018,78,"G",0
288,"Females",2003,0,"Lambs",2003,100,2.40635930102451,79,"D",1
303,"Females",2003,0,"Lambs",2003,400,1.79749469377241,79,"E",1
272,"Males",2003,0,"Lambs",2003,400,1.79709060208302,79,"H",0
454,"Females",2006,0,"Lambs",2006,800,1.74208809311036,79,"B",1
94,"Females",1999,0,"Lambs",1999,200,2.06078439855778,79,"D",1
305,"Males",2003,0,"Lambs",2003,400,2.13844932743695,79,"F",0
286,"Females",2003,0,"Lambs",2003,400,2.13374932065538,79,"H",1
267,"Males",2003,0,"Lambs",2003,800,1.72587427207098,79,"A",1
110,"Males",1999,0,"Lambs",1999,500,1.48813220078907,79,"C",0
140,"Females",1999,0,"Lambs",1999,600,1.77384009196343,79,"F",1
259,"Females",2003,0,"Lambs",2003,200,2.05203151979047,79,"H",1
468,"Males",2006,0,"Lambs",2006,600,1.76278589651676,79,"B",0
125,"Females",1999,0,"Lambs",1999,1500,1.5541923139789,79,"E",1
747,"Females",2011,0,"Lambs",2011,3000,2.19624072633025,79,"G",0
767,"Females",2011,0,"Lambs",2011,200,1.89544227994897,79,"H",0
309,"Females",2003,0,"Lambs",2003,0,1.8621721162873,79,"F",1
311,"Females",2003,0,"Lambs",2003,1000,1.8765804401514,79,"H",0
760,"Males",2011,0,"Lambs",2011,300,2.19450659932708,80,"A",0
766,"Females",2011,0,"Lambs",2011,200,1.85686257142832,80,"F",0
748,"Males",2011,0,"Lambs",2011,900,1.93597444072367,80,"A",0
128,"Females",1999,0,"Lambs",1999,300,1.93828152103299,80,"C",1
789,"Females",2011,0,"Lambs",2011,1000,1.67976737736265,80,"A",0
126,"Females",1999,0,"Lambs",1999,200,1.24029419767648,80,"H",1
269,"Females",2003,0,"Lambs",2003,200,1.91146954887218,80,"E",1
750,"Males",2011,0,"Lambs",2011,700,1.85850563011736,80,"F",0
754,"Females",2011,0,"Lambs",2011,400,2.00282411159402,82,"D",0
773,"Females",2011,0,"Lambs",2011,700,2.27420431137708,82,"H",0
459,"Males",2006,0,"Lambs",2006,600,1.62070815538906,82,"B",0
786,"Males",2011,0,"Lambs",2011,600,1.8871298320704,82,"C",0
790,"Males",2011,0,"Lambs",2011,1200,1.93138732289427,82,"D",0
265,"Females",2003,0,"Lambs",2003,200,1.79924897462911,82,"F",1
554,"Males",2007,0,"Lambs",2007,200,2.91286053004553,96,"D",1
540,"Females",2007,0,"Lambs",2007,200,2.1322370229152,83,"A",1
215,"Females",2001,0,"Lambs",2001,400,1.815552372971,83,"B",1
563,"Males",2007,0,"Lambs",2007,500,1.91702469493742,83,"D",0
678,"Males",2009,0,"Lambs",2009,100,1.61005690999804,83,"E",1
506,"Females",2007,0,"Lambs",2007,500,1.97131189605641,83,"G",1
640,"Females",2009,0,"Lambs",2009,1000,2.10887672205751,83,"H",1
212,"Females",2001,0,"Lambs",2001,200,1.57405323433855,83,"A",0
503,"Males",2007,0,"Lambs",2007,400,1.76511872069244,83,"B",0
523,"Males",2007,0,"Lambs",2007,800,1.47838939344423,83,"E",0
626,"Males",2009,0,"Lambs",2009,2100,1.60444151745417,83,"F",0
670,"Females",2009,0,"Lambs",2009,1400,1.74351818314079,83,"G",0
189,"Males",2001,0,"Lambs",2001,2000,2.08372618712631,83,"B",0
501,"Males",2007,0,"Lambs",2007,300,2.07452485540574,83,"A",0
635,"Males",2009,0,"Lambs",2009,500,1.71511469980824,83,"B",1
809,"Females",2012,0,"Lambs",2012,200,1.80257962508424,83,"E",1
662,"Males",2009,0,"Lambs",2009,1000,1.98709267455536,83,"C",1
639,"Males",2009,0,"Lambs",2009,1600,2.58388215307501,84,"A",0
650,"Females",2009,0,"Lambs",2009,200,1.96465093649716,84,"D",1
511,"Females",2007,0,"Lambs",2007,300,1.64149395022819,84,"B",1
491,"Males",2007,0,"Lambs",2007,200,1.8528495247986,84,"E",1
239,"Females",2001,0,"Lambs",2001,200,2.10546051732414,84,"H",0
628,"Males",2009,0,"Lambs",2009,500,1.74238862882616,84,"F",1
187,"Males",2001,0,"Lambs",2001,100,2.05927445944932,84,"G",0
527,"Females",2007,0,"Lambs",2007,400,2.22969233420258,84,"A",1
519,"Males",2007,0,"Lambs",2007,600,1.64712503803883,84,"H",0
512,"Males",2007,0,"Lambs",2007,600,2.04705059879269,84,"A",1
675,"Females",2009,0,"Lambs",2009,600,2.52314303360503,84,"B",1
632,"Males",2009,0,"Lambs",2009,300,1.82044053360808,84,"G",0
518,"Females",2007,0,"Lambs",2007,500,2.21659507888027,85,"F",0
802,"Females",2012,0,"Lambs",2012,200,1.88615567950045,85,"D",1
496,"Females",2007,0,"Lambs",2007,100,1.88449805560572,85,"A",0
494,"Males",2007,0,"Lambs",2007,200,1.910553111972,85,"H",1
669,"Males",2009,0,"Lambs",2009,600,1.89224827337051,85,"C",0
622,"Males",2009,0,"Lambs",2009,900,2.31321307273165,85,"F",1
397,"Females",2004,0,"Lambs",2004,300,2.64589678612604,85,"G",0
367,"Males",2004,0,"Lambs",2004,900,1.86079900965386,85,"F",0
336,"Females",2004,0,"Lambs",2004,300,2.32296841980542,85,"B",0
324,"Females",2004,0,"Lambs",2004,600,2.13691564545555,85,"E",0
610,"Females",2008,0,"Lambs",2008,400,2.09913895742018,85,"G",1
359,"Males",2004,0,"Lambs",2004,600,2.11246556483478,86,"C",0
372,"Males",2004,0,"Lambs",2004,400,1.75457686322832,86,"D",0
166,"Males",2000,0,"Lambs",2000,400,1.99466919578137,86,"E",1
330,"Females",2004,0,"Lambs",2004,800,1.89930038104617,86,"F",0
149,"Males",2000,0,"Lambs",2000,900,1.74810678168172,86,"C",0
157,"Males",2000,0,"Lambs",2000,500,2.01016893055898,86,"G",0
342,"Males",2004,0,"Lambs",2004,600,2.48556466572522,86,"H",0
422,"Males",2005,0,"Lambs",2005,2100,1.93031679391325,86,"A",0
398,"Females",2004,0,"Lambs",2004,800,1.53323270421556,86,"H",0
612,"Males",2008,0,"Lambs",2008,300,1.93121437262402,86,"D",0
165,"Females",2000,0,"Lambs",2000,500,2.1521926727661,87,"A",1
354,"Males",2004,0,"Lambs",2004,3500,1.9287360826605,87,"B",0
433,"Females",2005,0,"Lambs",2005,600,1.78149765841533,87,"C",1
176,"Females",2000,0,"Lambs",2000,400,1.74743916668936,87,"E",0
144,"Males",2000,0,"Lambs",2000,100,1.84380212417993,87,"B",1
385,"Males",2004,0,"Lambs",2004,200,1.76727270866031,87,"F",0
348,"Males",2004,0,"Lambs",2004,2800,1.82726048641632,87,"G",0
150,"Males",2000,0,"Lambs",2000,700,1.82906011644315,87,"C",1
22,"Females",1998,0,"Lambs",1998,800,2.24894237208326,87,"C",0
245,"Males",2002,0,"Lambs",2002,800,1.70275684948114,87,"F",1
59,"Females",1998,0,"Lambs",1998,400,2.24589500736833,88,"A",0
48,"Males",1998,0,"Lambs",1998,600,1.96963831550865,88,"C",0
12,"Females",1998,0,"Lambs",1998,400,1.86874838592519,88,"E",0
69,"Females",1998,0,"Lambs",1998,500,1.96623000563491,88,"H",0
51,"Females",1998,0,"Lambs",1998,1600,1.76834015357704,88,"D",0
730,"Females",2010,0,"Lambs",2010,200,2.00627503746656,88,"H",0
684,"Males",2010,0,"Lambs",2010,700,2.01848662069329,88,"A",0
688,"Males",2010,0,"Lambs",2010,2900,2.10661791514065,88,"C",0
708,"Females",2010,0,"Lambs",2010,300,1.48306098020017,88,"A",0
38,"Males",1998,0,"Lambs",1998,300,2.04995746913317,88,"A",0
65,"Males",1998,0,"Lambs",1998,200,2.05417111751923,88,"G",0
75,"Males",1998,0,"Lambs",1998,200,1.59566864583414,89,"D",0
722,"Males",2010,0,"Lambs",2010,700,1.79528114827955,89,"E",1
76,"Females",1998,0,"Lambs",1998,600,1.86422366524901,89,"F",0
15,"Females",1998,0,"Lambs",1998,600,1.54112564824071,89,"G",0
1,"Males",1998,0,"Lambs",1998,2800,2.42138494683412,90,"A",0
247,"Females",2002,0,"Lambs",2002,0,1.97564341091716,90,"C",1
66,"Females",1998,0,"Lambs",1998,1400,2.24762210671398,90,"D",0
45,"Females",1998,0,"Lambs",1998,400,2.00605268254529,90,"D",1
72,"Females",1998,0,"Lambs",1998,100,1.76665948661543,90,"A",1
4,"Females",1998,0,"Lambs",1998,400,1.64503819297652,90,"E",0
8,"Males",1998,0,"Lambs",1998,1600,1.82999426099853,90,"E",0
19,"Males",1998,0,"Lambs",1998,2400,1.44917514618754,90,"G",0
70,"Males",1998,0,"Lambs",1998,200,1.9278826688452,91,"H",NA
251,"Females",2002,0,"Lambs",2002,600,2.15195493125924,91,"D",1
781,"Males",2011,0,"Lambs",2011,2800,2.2922786165883,91,"E",0
280,"Females",2003,0,"Lambs",2003,100,1.72057067848538,91,"G",1
107,"Females",1999,0,"Lambs",1999,600,1.93377088355175,91,"E",1
307,"Females",2003,0,"Lambs",2003,400,1.73450889456551,91,"F",1
460,"Males",2006,0,"Lambs",2006,600,2.25270287486963,91,"A",0
447,"Males",2006,0,"Lambs",2006,2400,2.59548121766537,91,"C",0
90,"Males",1999,0,"Lambs",1999,400,1.85055852935514,91,"H",1
105,"Females",1999,0,"Lambs",1999,600,2.58201197291824,92,"B",0
102,"Males",1999,0,"Lambs",1999,200,1.75911542305137,92,"E",1
283,"Females",2003,0,"Lambs",2003,200,1.81672494541192,92,"B",1
277,"Males",2003,0,"Lambs",2003,0,1.79877401786476,92,"F",1
289,"Males",2003,0,"Lambs",2003,400,1.95176441030361,92,"F",1
79,"Females",1999,0,"Lambs",1999,1000,2.14416903317783,92,"G",1
103,"Males",1999,0,"Lambs",1999,900,1.92294145315168,92,"G",1
473,"Males",2006,0,"Lambs",2006,1800,2.00148851550598,93,"A",1
484,"Males",2006,0,"Lambs",2006,600,1.59157238316051,93,"A",0
86,"Females",1999,0,"Lambs",1999,500,1.53776657928085,93,"H",1
774,"Males",2011,0,"Lambs",2011,1600,1.6812232897464,93,"B",0
106,"Males",1999,0,"Lambs",1999,200,1.57083324473237,93,"H",1
