"ID","Sex_R","BirthYear","Age","AgeClass","SampleYear","IgG_TC","IgPlateRef","RTL","qPCRPlate","qPCRRow","Survival","Strongyles"
647,"Males",2009,0,"Lambs",2009,0.30457,43,2.09065189995872,1,"B",0,100
656,"Males",2009,0,"Lambs",2009,0.10975,43,1.9737662357832,1,"F",1,1400
516,"Males",2007,0,"Lambs",2007,0.02249,48,1.61104184121857,1,"A",1,300
802,"Females",2012,0,"Lambs",2012,0.33476,22,2.15165867498731,1,"E",1,200
235,"Males",2001,0,"Lambs",2001,0.10148,24,1.8824347053486,1,"G",0,300
653,"Females",2009,0,"Lambs",2009,0.36218,43,2.11209397304893,1,"H",0,100
631,"Males",2009,0,"Lambs",2009,0.07576,49,1.84739647410587,1,"A",0,400
664,"Males",2009,0,"Lambs",2009,0.4365,43,1.41366510100758,1,"B",0,0
557,"Females",2007,0,"Lambs",2007,0.15479,49,1.45058006285055,1,"C",0,400
210,"Males",2001,0,"Lambs",2001,0.22241,23,1.42467865380065,1,"G",0,400
677,"Males",2009,0,"Lambs",2009,0.06785,44,2.09733482061286,1,"B",0,800
203,"Males",2001,0,"Lambs",2001,0.04785,23,1.58526283671774,1,"G",0,1300
649,"Females",2009,0,"Lambs",2009,0.07137,43,1.59085771785796,1,"H",1,600
507,"Males",2007,0,"Lambs",2007,0.18375,48,1.79505358637036,2,"E",0,200
553,"Males",2007,0,"Lambs",2007,0.14291,47,1.93269209773224,2,"B",1,200
675,"Males",2009,0,"Lambs",2009,0.25371,43,1.91125080289709,2,"C",0,1600
796,"Males",2012,0,"Lambs",2012,0.48608,22,1.8614366313017,93,"E",0,0
523,"Females",2007,0,"Lambs",2007,0.28154,48,1.74013309451742,2,"C",0,100
219,"Males",2001,0,"Lambs",2001,0.17339,24,1.76287265815869,2,"H",0,900
538,"Males",2007,0,"Lambs",2007,0.61062,47,2.02877054094079,2,"B",1,0
498,"Females",2007,0,"Lambs",2007,0.28615,49,1.7229118922699,93,"H",0,100
508,"Females",2007,0,"Lambs",2007,0.90108,48,2.21767540012869,3,"G",1,100
659,"Males",2009,0,"Lambs",2009,0.05152,43,2.2043642919021,3,"H",0,900
671,"Males",2009,0,"Lambs",2009,0.25345,44,1.83790167107694,3,"F",1,200
618,"Females",2009,0,"Lambs",2009,0.23816,42,1.93116025627507,3,"H",0,300
680,"Males",2009,0,"Lambs",2009,0.15717,44,1.58012723662612,3,"E",0,1200
543,"Males",2007,0,"Lambs",2007,0.25653,47,1.67423052188309,3,"G",0,1000
212,"Males",2001,0,"Lambs",2001,0.24439,23,1.73222731025646,3,"C",0,1000
497,"Males",2007,0,"Lambs",2007,0.57781,49,1.47331817505307,3,"G",0,1200
672,"Males",2009,0,"Lambs",2009,0.04159,44,1.50358381341843,3,"F",1,1000
670,"Males",2009,0,"Lambs",2009,0.43192,44,1.84177993966636,3,"G",0,1000
242,"Males",2001,0,"Lambs",2001,0.25202,24,1.96959160146213,4,"C",0,1700
641,"Females",2009,0,"Lambs",2009,0.29491,43,1.75640104496029,4,"E",1,200
533,"Females",2007,0,"Lambs",2007,0.22642,47,1.58493559950853,93,"H",1,200
800,"Males",2012,0,"Lambs",2012,0.42462,22,1.58222443301603,4,"C",1,200
513,"Females",2007,0,"Lambs",2007,0.12596,48,1.66612308494553,4,"D",1,200
804,"Males",2012,0,"Lambs",2012,0.25338,21,1.37227726619332,4,"G",1,200
491,"Males",2007,0,"Lambs",2007,0.44312,49,1.46413077464183,5,"C",1,600
236,"Males",2001,0,"Lambs",2001,0.14306,24,2.12295329690494,5,"E",0,600
661,"Males",2009,0,"Lambs",2009,0.24517,43,1.90214768320178,5,"B",0,1300
808,"Females",2012,0,"Lambs",2012,0.40216,21,1.71956359461851,5,"F",1,100
183,"Females",2001,0,"Lambs",2001,0.24185,22,1.8184120604749,5,"H",0,3200
797,"Males",2012,0,"Lambs",2012,0.36921,22,2.10583187532763,94,"C",1,200
200,"Females",2001,0,"Lambs",2001,0.16134,23,1.28633709593848,5,"C",0,1600
228,"Males",2001,0,"Lambs",2001,0.25748,24,1.86208403967703,5,"E",0,2900
616,"Males",2009,0,"Lambs",2009,0.30416,42,1.35387519008518,6,"B",0,700
195,"Females",2001,0,"Lambs",2001,0.17505,23,1.7091898746636,6,"D",0,400
665,"Females",2009,0,"Lambs",2009,0.05766,43,1.91450992596114,6,"B",1,800
218,"Males",2001,0,"Lambs",2001,0.16383,24,1.50194482596479,6,"C",0,1800
229,"Males",2001,0,"Lambs",2001,0.03308,24,1.47238636259196,6,"G",0,1200
678,"Males",2009,0,"Lambs",2009,0.03974,44,1.51331407063684,6,"D",0,0
184,"Males",2001,0,"Lambs",2001,0.29949,22,1.50856298002795,6,"E",0,800
636,"Males",2009,0,"Lambs",2009,0.26013,43,1.9171581319589,6,"B",0,2300
499,"Females",2007,0,"Lambs",2007,0.06703,49,2.37887961542256,6,"B",1,200
646,"Females",2009,0,"Lambs",2009,0.21129,43,1.93771184580091,6,"D",0,100
811,"Females",2012,0,"Lambs",2012,0.58965,21,2.05036818603766,94,"H",1,200
619,"Males",2009,0,"Lambs",2009,0.14955,42,1.50481128590919,7,"C",1,1500
541,"Males",2007,0,"Lambs",2007,0.12162,47,1.894007923541,7,"F",1,100
642,"Males",2009,0,"Lambs",2009,0.71369,48,1.80109588996514,8,"B",0,600
651,"Females",2009,0,"Lambs",2009,0.2885,43,1.6345475565309,94,"E",1,100
560,"Females",2007,0,"Lambs",2007,0.11605,47,1.84853514754369,8,"D",1,1500
224,"Males",2001,0,"Lambs",2001,0.79665,24,1.39678389645434,8,"D",0,1700
669,"Females",2009,0,"Lambs",2009,0.18141,49,1.55467517384153,8,"F",1,600
662,"Males",2009,0,"Lambs",2009,0.31451,43,1.81892776630629,94,"H",0,50
663,"Females",2009,0,"Lambs",2009,0.07936,43,1.92689979394296,8,"B",1,300
658,"Females",2009,0,"Lambs",2009,0.2871,43,2.01827971387277,8,"F",0,200
542,"Females",2007,0,"Lambs",2007,0.05252,47,1.93448220968954,8,"B",1,700
622,"Females",2009,0,"Lambs",2009,0.09097,42,1.67617125693414,8,"H",1,300
546,"Males",2007,0,"Lambs",2007,0.22572,47,1.89809937678142,8,"B",0,500
810,"Females",2012,0,"Lambs",2012,0.06049,21,2.0441087104974,8,"E",1,300
644,"Males",2009,0,"Lambs",2009,0.24635,43,2.06841991859786,8,"F",1,200
645,"Males",2009,0,"Lambs",2009,0.7479,43,1.75391701932799,8,"G",0,400
795,"Males",2012,0,"Lambs",2012,0.31683,22,1.87086432238787,9,"A",1,300
556,"Males",2007,0,"Lambs",2007,0.0881,47,1.77033204814253,9,"C",0,500
625,"Males",2009,0,"Lambs",2009,0.2483,42,2.02249836101547,9,"F",0,1600
205,"Females",2001,0,"Lambs",2001,0.09998,23,1.67430381399248,9,"H",0,500
189,"Females",2001,0,"Lambs",2001,0.10301,22,1.64836262062795,9,"D",0,100
201,"Females",2001,0,"Lambs",2001,0.65447,23,1.53724612158687,9,"H",0,200
801,"Females",2012,0,"Lambs",2012,0.15506,22,1.73802418468255,9,"C",1,0
240,"Males",2001,0,"Lambs",2001,0.16519,24,2.11456633300379,94,"G",0,2700
639,"Females",2009,0,"Lambs",2009,0.08978,44,2.21484230367094,10,"D",0,700
537,"Males",2007,0,"Lambs",2007,0.08806,47,1.77602724119202,10,"F",0,1200
652,"Males",2009,0,"Lambs",2009,0.17234,43,1.86853856699018,10,"B",1,900
617,"Females",2009,0,"Lambs",2009,0.3056,42,1.74792235211941,10,"C",0,0
227,"Females",2001,0,"Lambs",2001,0.05262,24,1.57284465011414,10,"E",0,600
520,"Males",2007,0,"Lambs",2007,0.1416,48,1.42417164462368,10,"F",0,100
202,"Females",2001,0,"Lambs",2001,0.05118,23,1.95345154018388,10,"C",0,400
551,"Females",2007,0,"Lambs",2007,0.26819,47,1.94584397972978,10,"D",1,100
190,"Females",2001,0,"Lambs",2001,0.10718,22,1.68302518074804,10,"E",0,600
544,"Males",2007,0,"Lambs",2007,0.31857,47,1.5240503548863,10,"C",0,1100
535,"Females",2007,0,"Lambs",2007,0.18599,47,1.75338576970744,10,"F",1,700
489,"Males",2007,0,"Lambs",2007,0.23468,49,2.02422948724847,94,"H",0,1600
525,"Females",2007,0,"Lambs",2007,0.46817,48,2.41196487717791,10,"B",0,200
253,"Males",2001,0,"Lambs",2001,0.15177,23,1.85519854844696,10,"G",0,100
532,"Females",2007,0,"Lambs",2007,0.25742,48,1.8893958229277,11,"F",1,200
515,"Males",2007,0,"Lambs",2007,0.46693,48,1.70431150092342,11,"E",0,100
213,"Females",2001,0,"Lambs",2001,0.03364,23,2.41942077390879,94,"D",0,0
506,"Females",2007,0,"Lambs",2007,1.07101,48,1.81289556723128,11,"C",0,500
621,"Females",2009,0,"Lambs",2009,0.42036,42,2.01813076382528,11,"E",1,400
536,"Females",2007,0,"Lambs",2007,0.35243,47,1.81868791241785,11,"G",1,200
197,"Females",2001,0,"Lambs",2001,0.54145,23,1.63506952171967,12,"E",0,1800
528,"Females",2007,0,"Lambs",2007,0.5552,48,1.72622114703661,12,"F",1,400
226,"Males",2001,0,"Lambs",2001,0.10371,24,2.0115195329608,12,"G",0,200
208,"Females",2001,0,"Lambs",2001,0.30419,23,2.11720883439239,95,"B",0,1500
512,"Females",2007,0,"Lambs",2007,0.15732,48,1.78020048882642,12,"E",0,300
555,"Females",2007,0,"Lambs",2007,0.07707,47,1.71154017351445,95,"E",1,300
643,"Females",2009,0,"Lambs",2009,0.09541,43,1.69247758223144,12,"D",1,900
232,"Males",2001,0,"Lambs",2001,0.05805,24,1.92416133262735,95,"F",0,500
216,"Females",2001,0,"Lambs",2001,0.14477,24,2.93496773508279,96,"A",0,900
809,"Females",2012,0,"Lambs",2012,0.23257,21,1.95578280010063,95,"A",1,400
650,"Males",2009,0,"Lambs",2009,0.46021,43,1.79008411210953,12,"F",1,800
220,"Females",2001,0,"Lambs",2001,0.04698,24,1.98030971207783,12,"F",0,100
222,"Females",2001,0,"Lambs",2001,0.07264,24,1.88927589756518,13,"H",0,3100
223,"Females",2001,0,"Lambs",2001,0.16458,24,1.85018702805024,13,"E",0,2000
239,"Females",2001,0,"Lambs",2001,0.23055,24,1.57338337147944,95,"F",0,500
558,"Females",2007,0,"Lambs",2007,0.07739,47,1.47511730458443,13,"C",0,300
501,"Males",2007,0,"Lambs",2007,0.26389,49,1.65204512459772,13,"G",1,100
627,"Males",2009,0,"Lambs",2009,0.1555,42,2.01693597379553,13,"H",1,100
562,"Females",2007,0,"Lambs",2007,0.62571,46,2.15575841225175,13,"E",1,400
632,"Males",2009,0,"Lambs",2009,0.00374,43,1.71357516911481,14,"B",0,600
217,"Males",2001,0,"Lambs",2001,0.15085,24,1.95082489649468,14,"H",0,2800
209,"Males",2001,0,"Lambs",2001,0.32891,23,1.60261505245505,14,"D",0,1300
628,"Females",2009,0,"Lambs",2009,0.26055,43,1.86218399036069,14,"B",1,0
547,"Females",2007,0,"Lambs",2007,0.35765,47,1.80732008721318,14,"B",1,100
241,"Females",2001,0,"Lambs",2001,0.60244,24,1.61456479616558,14,"H",0,0
230,"Males",2001,0,"Lambs",2001,0.13589,24,1.72687453505423,14,"D",0,5200
635,"Females",2009,0,"Lambs",2009,0.31264,43,1.88580358026015,95,"G",0,200
492,"Males",2007,0,"Lambs",2007,0.18531,49,2.03929703289823,15,"D",0,400
196,"Males",2001,0,"Lambs",2001,0.39744,23,2.06935377821707,15,"E",0,600
614,"Males",2009,0,"Lambs",2009,0.2764,42,1.6861287508691,95,"H",1,1600
514,"Females",2007,0,"Lambs",2007,0.19901,48,1.97912377325401,15,"B",0,600
540,"Males",2007,0,"Lambs",2007,0.1212,47,1.52213570568732,15,"C",1,400
563,"Females",2007,0,"Lambs",2007,0.37392,47,1.97885145371574,95,"E",1,100
805,"Females",2012,0,"Lambs",2012,0.29197,21,1.99362341524049,95,"F",1,200
504,"Females",2007,0,"Lambs",2007,0.35417,48,1.5259327089119,15,"H",1,400
206,"Females",2001,0,"Lambs",2001,0.0677,23,2.13870585647139,95,"G",0,0
559,"Females",2007,0,"Lambs",2007,0.17585,47,1.9003558115359,16,"B",0,600
554,"Females",2007,0,"Lambs",2007,0.24608,47,1.98674801888083,16,"C",1,700
231,"Males",2001,0,"Lambs",2001,0.27198,24,2.1428027936461,16,"D",0,4200
657,"Females",2009,0,"Lambs",2009,0.23435,43,2.00119704358897,16,"D",0,400
529,"Females",2007,0,"Lambs",2007,0.40736,48,1.92071325029746,16,"G",1,100
192,"Females",2001,0,"Lambs",2001,0.44705,22,1.80666802467459,95,"B",0,500
187,"Males",2001,0,"Lambs",2001,0.11349,22,1.6969591403102,16,"E",0,600
237,"Females",2001,0,"Lambs",2001,0.30213,24,1.97107850281211,16,"D",0,1000
654,"Males",2009,0,"Lambs",2009,0.20585,43,1.71646910792074,95,"F",0,200
674,"Females",2009,0,"Lambs",2009,0.07902,44,2.042022653596,16,"E",1,100
615,"Females",2009,0,"Lambs",2009,0.0272,42,1.80864229827905,17,"A",0,1000
530,"Females",2007,0,"Lambs",2007,0.07412,48,1.57191132180526,17,"C",0,100
198,"Females",2001,0,"Lambs",2001,0.11017,23,1.54082849396373,17,"F",1,200
207,"Females",2001,0,"Lambs",2001,0.17057,23,1.70144492136361,17,"G",0,500
634,"Males",2009,0,"Lambs",2009,0.04888,43,1.74238514121717,17,"A",1,400
521,"Females",2007,0,"Lambs",2007,0.60688,48,1.62024702483477,17,"G",1,300
531,"Males",2007,0,"Lambs",2007,0.06047,48,1.89254826121045,18,"G",0,1800
519,"Females",2007,0,"Lambs",2007,0.31072,48,1.76785912040012,18,"B",1,100
545,"Females",2007,0,"Lambs",2007,0.12699,47,1.59378461004598,18,"F",0,700
655,"Females",2009,0,"Lambs",2009,0.17092,43,1.64136128633313,18,"C",1,200
233,"Males",2001,0,"Lambs",2001,0.03396,24,1.54865202939839,18,"F",0,800
503,"Males",2007,0,"Lambs",2007,0.06838,48,2.29848230810483,18,"D",1,700
640,"Males",2009,0,"Lambs",2009,0.07089,44,1.59406169087768,18,"F",0,300
204,"Females",2001,0,"Lambs",2001,0.05746,23,1.49178589824828,18,"H",0,700
185,"Males",2001,0,"Lambs",2001,0.25428,22,1.48192941435243,18,"F",0,1900
194,"Males",2001,0,"Lambs",2001,0.1881,23,1.72465605146602,19,"C",0,1200
666,"Females",2009,0,"Lambs",2009,0.2721,42,1.87914112240048,19,"E",0,200
534,"Females",2007,0,"Lambs",2007,0.10473,47,1.69965449016861,19,"F",1,200
679,"Females",2009,0,"Lambs",2009,0.26221,44,1.78407415530743,19,"H",0,50
234,"Females",2001,0,"Lambs",2001,0.41301,24,1.75511668817314,19,"D",0,1000
548,"Females",2007,0,"Lambs",2007,0.22616,47,1.39541669625695,19,"E",0,400
623,"Males",2009,0,"Lambs",2009,0.08997,42,2.1976244188592,19,"H",0,1100
803,"Females",2012,0,"Lambs",2012,0.34531,21,1.80303733509475,19,"D",1,0
221,"Females",2001,0,"Lambs",2001,0.5248,24,1.96318379994391,19,"H",0,1500
193,"Females",2001,0,"Lambs",2001,0.42,22,1.92538534558466,19,"B",0,300
494,"Females",2007,0,"Lambs",2007,0.16341,49,1.58269086895205,19,"F",1,300
527,"Females",2007,0,"Lambs",2007,0.12402,48,1.66674687058286,19,"G",0,0
225,"Females",2001,0,"Lambs",2001,0.16892,24,2.39500178554373,19,"B",0,2000
629,"Females",2009,0,"Lambs",2009,0.28608,43,2.16716803931873,19,"D",1,100
191,"Females",2001,0,"Lambs",2001,0.10886,22,2.00750475324113,20,"B",0,1300
215,"Females",2001,0,"Lambs",2001,0.09321,23,1.96756067780468,20,"B",1,800
496,"Females",2007,0,"Lambs",2007,0.43637,49,1.66627999926139,20,"G",1,800
798,"Females",2012,0,"Lambs",2012,0.35637,22,1.67917460686246,20,"C",1,0
549,"Females",2007,0,"Lambs",2007,0.06713,47,2.08241641253268,20,"B",1,200
509,"Males",2007,0,"Lambs",2007,0.87616,48,1.63939680064492,20,"G",1,100
199,"Females",2001,0,"Lambs",2001,0.67464,23,1.9302839507947,20,"E",0,200
807,"Females",2012,0,"Lambs",2012,0.44196,21,1.71688152725635,20,"F",1,50
550,"Males",2007,0,"Lambs",2007,0.05433,47,2.04949370589725,81,"A",1,100
524,"Males",2007,0,"Lambs",2007,0.11618,48,1.75999636247293,81,"B",0,200
401,"Males",2004,0,"Lambs",2004,0.04504,65,2.20223198760592,21,"F",0,1600
596,"Females",2008,0,"Lambs",2008,0.19471,41,1.73642266948906,21,"A",0,800
572,"Females",2008,0,"Lambs",2008,0.26509,42,2.01496738871329,21,"B",0,100
168,"Males",2000,0,"Lambs",2000,0.05292,60,1.84854465768538,21,"H",1,600
410,"Males",2005,0,"Lambs",2005,0.26908,62,1.49650047319561,21,"F",1,700
420,"Females",2005,0,"Lambs",2005,0.18053,62,1.65825102935945,21,"G",0,0
163,"Males",2000,0,"Lambs",2000,0.15576,59,2.21609613817004,21,"C",1,300
363,"Males",2004,0,"Lambs",2004,0.36773,64,2.40755637712449,95,"B",0,200
577,"Females",2008,0,"Lambs",2008,0.33929,42,2.05643345991817,22,"H",0,0
352,"Males",2004,0,"Lambs",2004,0.33112,64,2.03900711214426,22,"C",0,400
161,"Females",2000,0,"Lambs",2000,0.19726,59,1.89404525108011,22,"F",1,100
162,"Females",2000,0,"Lambs",2000,0.14129,59,1.59940069434155,22,"G",1,200
598,"Females",2008,0,"Lambs",2008,0.27005,41,1.61741873361169,22,"H",0,300
582,"Females",2008,0,"Lambs",2008,0.11278,42,1.98838738799258,22,"C",0,300
575,"Males",2008,0,"Lambs",2008,0.07283,42,2.1291976947426,23,"B",0,600
339,"Females",2004,0,"Lambs",2004,0.18856,63,2.31135928650749,23,"D",0,3800
388,"Males",2004,0,"Lambs",2004,0.19576,65,2.23908725950314,23,"F",0,1500
418,"Females",2005,0,"Lambs",2005,0.30845,62,1.59148667161081,23,"B",1,300
181,"Females",2000,0,"Lambs",2000,0.1381,60,1.64300530552181,23,"C",1,400
176,"Females",2000,0,"Lambs",2000,0.08958,60,2.22006297757173,23,"A",1,400
571,"Females",2008,0,"Lambs",2008,0.13933,42,2.43409514254486,23,"D",1,600
144,"Males",2000,0,"Lambs",2000,0.08598,59,2.021713831601,23,"E",1,400
370,"Males",2004,0,"Lambs",2004,0.08191,64,2.09372507188137,23,"D",0,200
389,"Females",2004,0,"Lambs",2004,0.27407,65,2.02892770100439,23,"F",0,400
570,"Females",2008,0,"Lambs",2008,0.26899,42,2.14607972418042,23,"A",0,1000
613,"Females",2008,0,"Lambs",2008,0.07348,40,1.9384446201935,23,"C",0,800
182,"Males",2000,0,"Lambs",2000,0.13105,60,2.44037817250297,23,"D",0,2100
400,"Females",2004,0,"Lambs",2004,0.05219,65,1.94307129076763,24,"G",0,1000
578,"Males",2008,0,"Lambs",2008,0.62357,42,1.93790896689237,24,"D",1,1100
583,"Males",2008,0,"Lambs",2008,0.15615,42,2.14823595531643,24,"H",1,200
812,"Males",2013,0,"Lambs",2013,0.01996,18,1.90791990677894,24,"G",1,600
568,"Males",2008,0,"Lambs",2008,0.32139,42,2.02415206040792,24,"A",0,50
595,"Males",2008,0,"Lambs",2008,0.29502,41,2.13944361421886,24,"H",1,500
359,"Females",2004,0,"Lambs",2004,0.1364,64,1.94252304649282,24,"D",0,100
336,"Females",2004,0,"Lambs",2004,0.44792,63,1.90527431992035,24,"E",0,1000
817,"Females",2013,0,"Lambs",2013,0.09318,17,2.6343658889677,24,"D",1,900
433,"Females",2005,0,"Lambs",2005,0.23671,62,1.84615493227463,25,"D",0,400
584,"Males",2008,0,"Lambs",2008,0.17118,42,1.60928670600556,25,"A",0,600
314,"Males",2004,0,"Lambs",2004,0.06964,63,2.31935466844261,25,"F",0,1800
408,"Females",2005,0,"Lambs",2005,0.13956,63,2.2620524245716,25,"B",0,800
173,"Males",2000,0,"Lambs",2000,0.11908,60,2.00945857564929,25,"C",1,600
357,"Males",2004,0,"Lambs",2004,0.04697,64,2.29663662440982,26,"B",0,600
436,"Males",2005,0,"Lambs",2005,0.06465,62,2.03959545054478,26,"F",1,1000
360,"Males",2004,0,"Lambs",2004,0.04706,64,1.95420107489532,26,"H",0,2600
417,"Males",2005,0,"Lambs",2005,0.173,62,1.69748073413319,26,"A",0,800
318,"Females",2004,0,"Lambs",2004,0.08121,63,1.67437818195444,26,"F",0,800
330,"Females",2004,0,"Lambs",2004,0.18126,63,1.81071074433351,26,"G",0,1400
601,"Males",2008,0,"Lambs",2008,0.26223,41,1.78382433519768,26,"H",1,400
413,"Females",2005,0,"Lambs",2005,0.24287,62,1.90771727524743,26,"E",1,2400
386,"Females",2004,0,"Lambs",2004,0.26682,63,2.1652778708036,26,"A",0,4800
565,"Males",2008,0,"Lambs",2008,0.35095,42,1.92083687463026,26,"G",0,100
312,"Males",2004,0,"Lambs",2004,0.089,63,2.08589850685681,27,"B",0,600
172,"Females",2000,0,"Lambs",2000,0.16374,60,1.99158349091678,27,"F",0,400
146,"Males",2000,0,"Lambs",2000,0.06253,59,1.92725999470733,27,"D",1,500
374,"Females",2004,0,"Lambs",2004,0.08834,64,1.89065326188144,27,"F",0,1000
437,"Females",2005,0,"Lambs",2005,0.20582,61,2.22970071416471,27,"B",1,200
315,"Females",2004,0,"Lambs",2004,0.39146,63,1.64537995876083,27,"E",1,400
343,"Males",2004,0,"Lambs",2004,0.09731,64,2.09577008888181,27,"G",0,800
170,"Females",2000,0,"Lambs",2000,0.04719,60,2.17896022282744,28,"A",1,1600
368,"Females",2004,0,"Lambs",2004,0.31695,64,2.09992901073369,28,"F",0,800
331,"Males",2004,0,"Lambs",2004,0.41134,63,1.80620989070852,28,"B",0,600
599,"Males",2008,0,"Lambs",2008,0.51266,41,1.59407008992324,28,"A",0,300
589,"Males",2008,0,"Lambs",2008,0.50205,42,2.19431597964404,28,"B",0,50
313,"Males",2004,0,"Lambs",2004,0.11146,63,1.99596849810071,29,"B",0,1000
576,"Females",2008,0,"Lambs",2008,0.15671,42,1.76397080625699,29,"A",0,300
390,"Females",2004,0,"Lambs",2004,0.09214,65,1.81056593777207,29,"F",0,400
179,"Males",2000,0,"Lambs",2000,0.05383,60,1.92123668923767,29,"G",1,1200
157,"Females",2000,0,"Lambs",2000,0.12155,59,2.02213352878361,29,"H",0,200
365,"Females",2004,0,"Lambs",2004,0.29759,63,1.99306794217575,29,"H",0,100
579,"Males",2008,0,"Lambs",2008,0.40927,42,1.85779025780766,29,"E",1,400
376,"Females",2004,0,"Lambs",2004,0.06395,64,1.91308761264067,29,"G",0,900
387,"Males",2004,0,"Lambs",2004,0.24807,64,1.8287286349686,29,"D",0,1700
591,"Females",2008,0,"Lambs",2008,0.2689,42,2.13278313059193,29,"E",0,200
344,"Males",2004,0,"Lambs",2004,0.16701,64,2.10545985166496,29,"D",0,1200
419,"Males",2005,0,"Lambs",2005,0.34457,62,1.72075220250604,29,"G",0,1400
145,"Females",2000,0,"Lambs",2000,0.76468,59,2.50244698969259,30,"A",1,100
154,"Males",2000,0,"Lambs",2000,0.07729,59,2.00154722121544,30,"C",1,700
813,"Females",2013,0,"Lambs",2013,0.1506,18,2.23919332370599,30,"G",1,300
362,"Females",2004,0,"Lambs",2004,0.20202,64,2.12518953841801,30,"H",0,900
406,"Females",2005,0,"Lambs",2005,0.4354,63,1.64001813619421,30,"B",0,200
604,"Males",2008,0,"Lambs",2008,0.15984,41,1.62224511604599,30,"G",0,300
142,"Males",2000,0,"Lambs",2000,0.21601,59,2.08615368080724,30,"C",1,200
342,"Females",2004,0,"Lambs",2004,0.27163,63,2.0761679233044,30,"E",0,600
372,"Males",2004,0,"Lambs",2004,0.16815,64,2.14710340862813,30,"G",0,300
426,"Females",2005,0,"Lambs",2005,0.15528,62,1.80738213160897,30,"F",1,700
574,"Males",2008,0,"Lambs",2008,0.21133,42,2.0472108827141,31,"G",1,100
593,"Females",2008,0,"Lambs",2008,0.19788,42,1.94731387559472,31,"C",1,1200
150,"Females",2000,0,"Lambs",2000,0.20829,59,2.16292433943503,31,"A",1,200
325,"Females",2004,0,"Lambs",2004,0.18113,63,1.87296866871839,31,"C",0,800
395,"Females",2004,0,"Lambs",2004,0.06592,65,2.20382138485687,31,"D",0,400
816,"Males",2013,0,"Lambs",2013,0.20326,17,2.06567892807854,31,"B",1,400
381,"Males",2004,0,"Lambs",2004,0.08379,64,2.13724402268995,31,"C",0,900
373,"Males",2004,0,"Lambs",2004,0.09927,64,2.53160168763929,31,"A",0,1000
332,"Females",2004,0,"Lambs",2004,0.60588,63,2.12014103897224,32,"F",0,200
356,"Females",2004,0,"Lambs",2004,0.48947,64,2.00212326338761,32,"H",0,400
392,"Males",2004,0,"Lambs",2004,0.21443,65,2.1958986703158,32,"B",0,1200
377,"Males",2004,0,"Lambs",2004,0.97473,64,2.07449317555653,32,"F",0,500
369,"Females",2004,0,"Lambs",2004,0.05489,63,1.76801456256281,32,"H",0,900
611,"Males",2008,0,"Lambs",2008,0.25501,41,1.74560083670864,32,"A",0,600
597,"Females",2008,0,"Lambs",2008,0.33119,41,1.80357836657698,32,"C",1,100
311,"Females",2004,0,"Lambs",2004,0.30643,63,1.57817683998978,32,"G",0,800
378,"Males",2004,0,"Lambs",2004,0.33834,64,2.14185639487968,32,"A",0,600
412,"Females",2005,0,"Lambs",2005,0.43434,62,2.42202395486108,32,"D",1,300
423,"Females",2005,0,"Lambs",2005,0.25603,62,1.60880238138091,32,"G",1,400
380,"Males",2004,0,"Lambs",2004,0.17183,64,2.55677179696008,33,"A",0,1500
178,"Males",2000,0,"Lambs",2000,0.04608,60,2.10159825169623,33,"B",0,1000
434,"Females",2005,0,"Lambs",2005,0.36086,62,1.70077660829342,33,"E",0,1200
382,"Females",2004,0,"Lambs",2004,0.20729,64,2.13639805502056,33,"G",0,1200
586,"Females",2008,0,"Lambs",2008,0.0693,42,2.0071125058819,33,"A",1,800
171,"Males",2000,0,"Lambs",2000,0.03661,60,1.53871539674839,33,"B",1,500
603,"Females",2008,0,"Lambs",2008,0.27885,41,1.96944584288374,33,"H",1,200
159,"Males",2000,0,"Lambs",2000,0.17189,59,2.14337397461217,33,"B",1,300
350,"Males",2004,0,"Lambs",2004,0.11617,64,1.9871018854324,33,"D",0,1600
411,"Females",2005,0,"Lambs",2005,0.02889,62,1.58620597655437,33,"F",0,800
590,"Males",2008,0,"Lambs",2008,0.19,42,1.63521334020339,33,"G",0,1200
416,"Females",2005,0,"Lambs",2005,0.23814,62,1.78481283525417,33,"C",1,600
567,"Males",2008,0,"Lambs",2008,0.0627,42,1.97389326873306,33,"D",0,1600
415,"Females",2005,0,"Lambs",2005,0.15178,62,1.72011588023092,33,"H",1,900
394,"Females",2004,0,"Lambs",2004,1.08552,65,1.81611564037584,34,"C",0,1000
375,"Females",2004,0,"Lambs",2004,0.17932,64,2.11083785661672,34,"H",0,800
367,"Males",2004,0,"Lambs",2004,0.06785,64,2.24016299711926,34,"A",0,1200
155,"Males",2000,0,"Lambs",2000,0.45758,59,2.01054289249678,34,"C",1,200
316,"Females",2004,0,"Lambs",2004,0.39691,63,2.19393720089677,34,"E",0,400
435,"Males",2005,0,"Lambs",2005,0.2389,62,1.15760909395102,34,"G",0,2100
600,"Females",2008,0,"Lambs",2008,0.44138,41,1.74702241468348,34,"C",0,200
814,"Females",2013,0,"Lambs",2013,0.23445,18,1.71077772518074,34,"H",1,200
334,"Females",2004,0,"Lambs",2004,0.12478,63,1.75771202351131,34,"G",0,900
427,"Males",2005,0,"Lambs",2005,0.26906,62,2.15432520066166,35,"A",0,1700
383,"Females",2004,0,"Lambs",2004,0.19031,64,1.72951849785895,35,"F",0,700
169,"Females",2000,0,"Lambs",2000,0.26995,60,2.26714680426748,35,"G",1,400
404,"Females",2005,0,"Lambs",2005,0.29492,63,1.75679494530148,35,"B",1,700
409,"Females",2005,0,"Lambs",2005,0.85051,63,1.7180850045794,35,"F",0,1300
602,"Males",2008,0,"Lambs",2008,0.23226,41,1.88557851664017,35,"H",0,300
815,"Females",2013,0,"Lambs",2013,0.0469,18,1.97401078515779,35,"B",1,500
424,"Females",2005,0,"Lambs",2005,0.23678,62,1.61633645120458,35,"E",1,2100
592,"Males",2008,0,"Lambs",2008,0.05773,42,1.87052458815536,35,"G",1,2100
580,"Females",2008,0,"Lambs",2008,0.1255,42,2.14594230893594,35,"A",0,400
158,"Males",2000,0,"Lambs",2000,0.13509,59,1.84025429351766,35,"G",1,200
337,"Males",2004,0,"Lambs",2004,0.11227,63,2.19435093972306,35,"C",0,600
328,"Males",2004,0,"Lambs",2004,0.05471,63,2.06975198271639,35,"D",0,1200
569,"Females",2008,0,"Lambs",2008,0.48273,42,1.6030066569666,35,"F",1,100
327,"Males",2004,0,"Lambs",2004,0.03888,63,2.17019486077976,35,"B",0,2600
141,"Females",2000,0,"Lambs",2000,0.58421,59,2.29762768003707,35,"D",1,300
585,"Males",2008,0,"Lambs",2008,0.16352,42,2.16634671034451,35,"E",0,1800
429,"Males",2005,0,"Lambs",2005,0.05658,62,1.58992947853164,36,"H",1,600
317,"Females",2004,0,"Lambs",2004,0.18849,63,1.92911438063993,36,"E",0,200
818,"Females",2013,0,"Lambs",2013,0.34695,17,1.4959023411096,36,"F",1,400
588,"Males",2008,0,"Lambs",2008,0.31944,42,1.76668072718857,36,"F",1,200
573,"Females",2008,0,"Lambs",2008,0.0986,42,1.89837632603218,36,"H",0,200
147,"Females",2000,0,"Lambs",2000,0.06752,59,1.97456855394105,36,"C",0,800
405,"Females",2005,0,"Lambs",2005,0.54952,63,1.56811916867385,36,"E",0,0
430,"Females",2005,0,"Lambs",2005,0.88486,62,1.70055553198697,36,"F",1,800
609,"Females",2008,0,"Lambs",2008,0.35434,41,1.94017567347482,36,"F",1,0
152,"Females",2000,0,"Lambs",2000,0.20472,59,2.02948976071686,37,"B",0,300
324,"Males",2004,0,"Lambs",2004,0.1347,63,1.8311378232602,37,"E",0,1400
346,"Females",2004,0,"Lambs",2004,0.24866,64,1.90924134307078,37,"A",0,800
320,"Females",2004,0,"Lambs",2004,0.33644,63,1.75586079439948,37,"C",0,300
403,"Females",2004,0,"Lambs",2004,0.10856,65,1.90643826691926,37,"F",0,300
379,"Females",2004,0,"Lambs",2004,0.22177,64,2.05736773081096,37,"G",0,600
151,"Females",2000,0,"Lambs",2000,0.14928,59,1.85434406571027,37,"H",0,200
322,"Females",2004,0,"Lambs",2004,0.26319,63,2.08038218410329,37,"A",0,600
587,"Males",2008,0,"Lambs",2008,0.02459,42,1.604666148007,37,"B",0,800
326,"Males",2004,0,"Lambs",2004,0.18618,63,1.34162049068264,37,"F",0,100
606,"Males",2008,0,"Lambs",2008,0.25827,40,1.80291636691577,37,"B",0,100
153,"Males",2000,0,"Lambs",2000,0.03269,59,1.87037058523834,37,"A",1,500
398,"Females",2004,0,"Lambs",2004,0.11552,65,1.74557192628139,37,"F",0,1800
581,"Females",2008,0,"Lambs",2008,0.28217,42,2.51030582548455,37,"B",1,1100
361,"Males",2004,0,"Lambs",2004,0.56069,64,1.88416130463816,37,"G",0,2000
407,"Males",2005,0,"Lambs",2005,0.44289,63,1.60972619813079,37,"H",0,1500
167,"Females",2000,0,"Lambs",2000,0.10414,60,2.34724941909393,38,"A",1,0
399,"Males",2004,0,"Lambs",2004,0.16745,65,1.85626346874004,38,"D",0,3700
174,"Males",2000,0,"Lambs",2000,0.10998,60,1.50028206543999,38,"E",0,100
393,"Females",2004,0,"Lambs",2004,0.13945,65,1.75145784480866,38,"H",0,600
351,"Females",2004,0,"Lambs",2004,0.10257,64,1.91770741523191,38,"E",0,900
338,"Females",2004,0,"Lambs",2004,0.04466,63,2.04485572287482,38,"F",0,400
166,"Females",2000,0,"Lambs",2000,0.14529,60,1.91581985452151,38,"A",1,300
321,"Males",2004,0,"Lambs",2004,0.06604,63,1.8736403924535,38,"C",1,900
180,"Males",2000,0,"Lambs",2000,0.16408,60,2.37068880319966,38,"C",1,200
354,"Females",2004,0,"Lambs",2004,0.13697,64,2.25963346826907,38,"G",0,2000
566,"Females",2008,0,"Lambs",2008,0.25642,42,1.84018863388662,39,"C",1,1000
355,"Males",2004,0,"Lambs",2004,0.23891,64,2.16719759107923,39,"C",0,1400
385,"Females",2004,0,"Lambs",2004,0.05902,63,2.08490698644555,39,"A",0,1200
177,"Females",2000,0,"Lambs",2000,0.17633,60,1.40022535736853,39,"C",0,400
431,"Males",2005,0,"Lambs",2005,0.04038,62,1.88779188103471,39,"D",0,400
364,"Females",2004,0,"Lambs",2004,0.06655,63,1.85223343422425,39,"E",0,1800
333,"Males",2004,0,"Lambs",2004,0.1163,63,1.61578419084216,39,"E",0,1100
422,"Males",2005,0,"Lambs",2005,0.33999,62,1.55450784516959,39,"F",0,600
612,"Females",2008,0,"Lambs",2008,0.45253,40,1.50055352246688,39,"H",1,300
564,"Males",2008,0,"Lambs",2008,0.43278,42,1.55950481225562,40,"B",0,1000
594,"Males",2008,0,"Lambs",2008,0.13133,42,2.30014172987913,40,"A",1,600
340,"Females",2004,0,"Lambs",2004,0.08609,63,1.57417332620423,40,"G",0,300
160,"Females",2000,0,"Lambs",2000,0.08743,59,1.7295677643596,40,"C",1,500
391,"Males",2004,0,"Lambs",2004,0.10958,65,2.09768954035899,40,"D",0,1000
319,"Males",2004,0,"Lambs",2004,0.36817,63,2.05767409914324,40,"E",1,1800
348,"Females",2004,0,"Lambs",2004,0.55731,64,2.38890250750398,40,"E",0,400
425,"Females",2005,0,"Lambs",2005,0.43003,62,1.49608687958701,81,"D",1,700
428,"Females",2005,0,"Lambs",2005,0.09033,62,1.9395893693392,81,"H",1,200
414,"Females",2005,0,"Lambs",2005,0.79232,62,1.57134871699489,81,"C",0,400
402,"Males",2004,0,"Lambs",2004,0.25128,65,2.25592777276843,81,"G",0,500
345,"Males",2004,0,"Lambs",2004,0.5256,64,1.57508798906723,96,"A",0,1200
607,"Males",2008,0,"Lambs",2008,0.0332,41,1.75000699002733,81,"D",1,200
605,"Females",2008,0,"Lambs",2008,0.15687,41,1.58740016961175,81,"A",1,600
349,"Males",2004,0,"Lambs",2004,0.15956,64,1.90714823114399,81,"B",0,600
702,"Females",2010,0,"Lambs",2010,0.31432,29,2.05852224424353,41,"F",0,800
24,"Males",1998,0,"Lambs",1998,0.27818,34,1.96630970928884,41,"B",0,500
731,"Males",2010,0,"Lambs",2010,0.22911,31,1.93060583773801,96,"B",0,300
59,"Males",1998,0,"Lambs",1998,0.12074,33,1.97574764431771,41,"C",0,300
725,"Females",2010,0,"Lambs",2010,0.16138,30,2.08766415480536,41,"E",1,100
18,"Females",1998,0,"Lambs",1998,0.16336,34,2.22806531241586,41,"B",0,200
721,"Males",2010,0,"Lambs",2010,0.70465,30,2.01046156871197,42,"D",0,600
693,"Females",2010,0,"Lambs",2010,0.51491,29,1.98222315865569,42,"E",1,100
687,"Males",2010,0,"Lambs",2010,0.34671,29,1.63917611817644,42,"F",0,2400
16,"Males",1998,0,"Lambs",1998,0.54663,35,1.7467205697442,42,"F",0,1400
717,"Females",2010,0,"Lambs",2010,0.17141,30,2.25403989485898,43,"E",0,1200
14,"Males",1998,0,"Lambs",1998,0.35729,35,1.47370154811225,43,"D",0,800
707,"Females",2010,0,"Lambs",2010,0.21144,30,2.54827383062685,95,"G",0,300
42,"Males",1998,0,"Lambs",1998,0.12051,34,2.36591571123188,45,"A",0,1000
248,"Females",2002,0,"Lambs",2002,0.08846,18,2.52744986234499,45,"D",1,1000
734,"Females",2010,0,"Lambs",2010,0.30092,30,2.28424020662687,45,"G",1,0
34,"Males",1998,0,"Lambs",1998,0.48146,34,1.72936225232338,45,"C",0,1600
6,"Males",1998,0,"Lambs",1998,0.493,35,2.3850943409233,45,"E",0,1400
20,"Females",1998,0,"Lambs",1998,0.19399,29,1.66203145094617,45,"H",0,500
697,"Females",2010,0,"Lambs",2010,0.50101,29,2.40634333699103,45,"B",0,600
733,"Males",2010,0,"Lambs",2010,0.17749,31,1.72937437656465,46,"C",0,400
736,"Males",2010,0,"Lambs",2010,0.92705,31,1.98311067991297,46,"C",0,200
691,"Females",2010,0,"Lambs",2010,0.21995,29,2.17667070071188,47,"D",1,600
710,"Females",2010,0,"Lambs",2010,0.11443,30,2.06018957922523,47,"H",0,400
7,"Females",1998,0,"Lambs",1998,0.17707,35,1.92455812881694,47,"D",0,1000
737,"Females",2010,0,"Lambs",2010,0.16232,31,1.71607481035629,47,"E",0,1200
35,"Males",1998,0,"Lambs",1998,0.03922,34,2.13372643691903,48,"D",0,2600
823,"Males",2014,0,"Lambs",2014,0.06405,6,1.7210586679052,48,"F",1,200
70,"Females",1998,0,"Lambs",1998,0.06915,33,1.87932568770268,48,"A",1,700
31,"Females",1998,0,"Lambs",1998,0.1649,34,1.94266243766528,48,"B",0,600
730,"Males",2010,0,"Lambs",2010,0.14819,31,1.74635778796186,48,"D",0,600
48,"Females",1998,0,"Lambs",1998,0.19561,33,1.46033658369841,48,"E",0,600
23,"Males",1998,0,"Lambs",1998,0.27624,34,2.39944472868724,48,"C",0,1400
25,"Females",1998,0,"Lambs",1998,0.28999,34,2.37365198047532,49,"A",0,200
53,"Females",1998,0,"Lambs",1998,0.04587,33,2.20712766563632,49,"B",0,200
63,"Females",1998,0,"Lambs",1998,0.09065,29,2.3654033627764,49,"F",0,800
3,"Females",1998,0,"Lambs",1998,0.18886,35,2.05684889072663,49,"D",1,200
681,"Males",2010,0,"Lambs",2010,0.26447,28,2.03856240907906,49,"A",0,1000
57,"Females",1998,0,"Lambs",1998,0.01099,33,1.84225276207055,49,"D",1,300
703,"Males",2010,0,"Lambs",2010,0.2523,29,1.77831589077085,49,"F",0,400
826,"Males",2014,0,"Lambs",2014,0.1919,5,1.84908221272917,49,"A",1,600
26,"Females",1998,0,"Lambs",1998,0.08412,34,1.69931516422665,49,"C",0,800
714,"Females",2010,0,"Lambs",2010,0.06356,30,1.95345902743863,49,"H",1,200
54,"Males",1998,0,"Lambs",1998,0.02213,33,2.02840908319915,49,"C",0,300
49,"Females",1998,0,"Lambs",1998,0.12029,33,2.04663905991219,49,"C",0,600
45,"Males",1998,0,"Lambs",1998,0.25545,33,1.8426582025043,50,"D",0,600
820,"Males",2014,0,"Lambs",2014,0.08429,6,1.71471652142122,50,"G",1,500
252,"Females",2002,0,"Lambs",2002,0.07719,19,1.80417837377101,50,"F",1,1600
51,"Males",1998,0,"Lambs",1998,0.23354,33,1.92280051010342,50,"C",0,200
2,"Females",1998,0,"Lambs",1998,0.22126,35,1.96104387640208,50,"D",0,1500
13,"Females",1998,0,"Lambs",1998,0.30347,35,1.8205227651823,51,"F",0,500
688,"Males",2010,0,"Lambs",2010,0.4097,29,2.28516314464717,51,"C",0,1500
61,"Males",1998,0,"Lambs",1998,0.2676,33,1.96760106851757,51,"D",0,300
713,"Males",2010,0,"Lambs",2010,0.02671,30,1.8618752761086,51,"C",0,1600
709,"Females",2010,0,"Lambs",2010,0.95879,30,1.74477808904038,51,"D",0,200
821,"Females",2014,0,"Lambs",2014,0.15402,6,1.68314313153102,51,"E",1,300
716,"Males",2010,0,"Lambs",2010,0.42567,30,2.24137912123494,51,"H",0,900
41,"Females",1998,0,"Lambs",1998,0.48079,29,1.6092399387791,51,"D",0,400
718,"Females",2010,0,"Lambs",2010,0.29071,30,1.94860769682498,51,"F",0,1400
695,"Females",2010,0,"Lambs",2010,0.17344,29,1.77535751127827,51,"H",0,300
39,"Males",1998,0,"Lambs",1998,0.14644,34,2.17110052927807,52,"C",0,1600
685,"Females",2010,0,"Lambs",2010,0.33502,29,1.61676665201825,52,"A",1,700
825,"Females",2014,0,"Lambs",2014,0.33946,5,1.41090069428362,52,"D",1,1300
828,"Males",2014,0,"Lambs",2014,0.16693,5,1.79861958314072,52,"B",1,300
701,"Females",2010,0,"Lambs",2010,0.08384,29,2.09140112947841,52,"H",0,1000
689,"Females",2010,0,"Lambs",2010,0.19085,29,2.30055049081626,52,"A",1,700
28,"Males",1998,0,"Lambs",1998,0.06786,34,1.83685292102476,53,"A",0,600
33,"Females",1998,0,"Lambs",1998,0.17832,34,1.65675609965524,53,"C",1,200
690,"Males",2010,0,"Lambs",2010,0.21483,29,1.94594208034265,53,"E",0,200
73,"Females",1998,0,"Lambs",1998,0.01805,33,1.7849599303697,53,"G",0,500
698,"Males",2010,0,"Lambs",2010,0.07222,29,2.03123199179789,53,"H",0,800
723,"Females",2010,0,"Lambs",2010,0.28683,30,1.79309164826049,53,"C",1,400
728,"Females",2010,0,"Lambs",2010,0.04316,31,1.48946602234686,53,"B",0,700
5,"Males",1998,0,"Lambs",1998,0.85134,35,1.71355059605962,54,"H",0,300
735,"Males",2010,0,"Lambs",2010,0.18409,30,1.78753175876698,54,"A",0,200
55,"Males",1998,0,"Lambs",1998,0.10638,33,1.93885927635236,54,"B",0,100
705,"Males",2010,0,"Lambs",2010,0.30023,29,2.07382538645178,54,"B",0,800
32,"Females",1998,0,"Lambs",1998,0.0258,34,2.03770445508448,54,"D",0,1500
21,"Females",1998,0,"Lambs",1998,0.26167,34,1.81808988627965,54,"E",0,400
683,"Females",2010,0,"Lambs",2010,0.13537,29,2.11417538470287,55,"D",0,600
10,"Males",1998,0,"Lambs",1998,0.25055,29,1.85547673675448,55,"E",0,1200
704,"Males",2010,0,"Lambs",2010,0.10584,29,1.83854696957095,55,"F",0,1100
40,"Females",1998,0,"Lambs",1998,0.10239,34,1.49342709772079,55,"E",0,700
46,"Females",1998,0,"Lambs",1998,0.44287,33,2.02569323193822,55,"A",0,700
243,"Males",2002,0,"Lambs",2002,0.07586,18,2.10747625458611,55,"H",1,1200
696,"Males",2010,0,"Lambs",2010,0.57547,29,1.90003972254671,55,"H",1,600
819,"Females",2014,0,"Lambs",2014,0.32551,6,2.36056242743891,55,"B",1,500
732,"Females",2010,0,"Lambs",2010,0.06587,31,2.07828517662533,56,"B",0,200
684,"Females",2010,0,"Lambs",2010,0.25163,29,2.08147951362288,56,"E",0,600
722,"Females",2010,0,"Lambs",2010,0.19447,30,1.88896920720232,56,"A",1,200
76,"Females",1998,0,"Lambs",1998,0.04036,29,1.52808699327123,56,"E",0,1000
27,"Females",1998,0,"Lambs",1998,0.039,34,1.87989944697687,56,"G",1,600
715,"Males",2010,0,"Lambs",2010,0.52155,30,2.56966627414266,56,"C",0,600
249,"Males",2002,0,"Lambs",2002,0.15873,19,1.97874889993728,56,"F",1,900
694,"Females",2010,0,"Lambs",2010,0.5222,29,1.94174934579507,57,"B",0,200
708,"Females",2010,0,"Lambs",2010,0.39585,30,2.06970569675468,57,"D",0,200
247,"Females",2002,0,"Lambs",2002,0.0955,18,1.96214516146782,57,"F",1,1600
726,"Females",2010,0,"Lambs",2010,0.06513,31,1.93375548039353,57,"G",1,200
711,"Females",2010,0,"Lambs",2010,0.11334,30,1.40960954150858,57,"A",0,200
52,"Males",1998,0,"Lambs",1998,0.10908,33,1.73911053939741,57,"H",0,800
724,"Females",2010,0,"Lambs",2010,0.26784,30,1.70801265658351,57,"A",1,800
700,"Females",2010,0,"Lambs",2010,0.04356,29,2.04163787294948,57,"D",0,1800
712,"Males",2010,0,"Lambs",2010,0.29467,30,1.67783844035833,57,"E",0,400
72,"Females",1998,0,"Lambs",1998,0.16903,29,1.61257080988691,57,"E",0,300
692,"Females",2010,0,"Lambs",2010,0.47666,29,1.59628703110855,57,"G",0,1400
822,"Females",2014,0,"Lambs",2014,0.30194,6,1.98576825922007,57,"E",1,200
9,"Males",1998,0,"Lambs",1998,0.81981,35,1.70188428284591,58,"E",0,1200
29,"Males",1998,0,"Lambs",1998,0.11765,34,2.29265570718953,58,"G",0,600
719,"Females",2010,0,"Lambs",2010,0.20135,30,1.36829913413623,58,"D",0,700
699,"Females",2010,0,"Lambs",2010,0.11844,29,1.41601799562129,59,"B",0,100
43,"Males",1998,0,"Lambs",1998,0.33162,34,1.83221846530336,59,"D",0,300
62,"Females",1998,0,"Lambs",1998,0.07371,33,1.87403325612733,59,"A",0,200
11,"Females",1998,0,"Lambs",1998,0.35178,35,1.65843322963892,59,"F",0,1000
67,"Males",1998,0,"Lambs",1998,0.04872,33,1.61904636121204,59,"G",0,600
66,"Females",1998,0,"Lambs",1998,0.12294,33,2.32834295952666,59,"D",0,200
251,"Females",2002,0,"Lambs",2002,0.27095,19,2.17454694352058,59,"F",0,200
30,"Females",1998,0,"Lambs",1998,0.09099,34,1.89217123056871,60,"B",0,700
245,"Males",2002,0,"Lambs",2002,0.18974,18,1.97394146761857,60,"C",1,400
56,"Males",1998,0,"Lambs",1998,0.10996,33,2.23994188190505,60,"D",0,200
60,"Males",1998,0,"Lambs",1998,0.15123,33,1.52213486338485,60,"F",0,200
37,"Females",1998,0,"Lambs",1998,0.329,34,2.29599213623008,60,"D",0,600
17,"Females",1998,0,"Lambs",1998,0.60146,35,2.38952981352881,82,"A",0,200
36,"Females",1998,0,"Lambs",1998,0.0523,34,2.35752272003581,82,"D",0,1800
824,"Males",2014,0,"Lambs",2014,0.03819,6,2.07003666349275,82,"G",1,600
729,"Males",2010,0,"Lambs",2010,0.13781,31,1.64751722220194,82,"H",0,400
827,"Males",2014,0,"Lambs",2014,0.08688,5,2.27265566887607,82,"A",1,600
791,"Males",2011,0,"Lambs",2011,0.2822,12,2.29789751635417,61,"A",0,900
788,"Females",2011,0,"Lambs",2011,0.1335,12,2.50599197009108,61,"F",0,2800
278,"Females",2003,0,"Lambs",2003,0.84168,68,2.18485605244506,61,"G",1,700
448,"Males",2006,0,"Lambs",2006,0.10551,55,2.12147709066258,61,"G",0,1400
82,"Males",1999,0,"Lambs",1999,0.5625,59,2.00644081685064,61,"H",1,200
263,"Males",2003,0,"Lambs",2003,0.11684,68,1.63603893510447,61,"E",1,600
267,"Females",2003,0,"Lambs",2003,0.13411,68,2.63461585185957,61,"B",0,200
447,"Females",2006,0,"Lambs",2006,0.27281,55,2.09489513503804,61,"E",0,300
439,"Males",2006,0,"Lambs",2006,0.45681,55,1.81370041922143,61,"D",0,200
442,"Females",2006,0,"Lambs",2006,0.13805,55,2.06036664161961,61,"B",0,600
784,"Males",2011,0,"Lambs",2011,0.07537,12,2.19533910197495,61,"C",0,2600
742,"Females",2011,0,"Lambs",2011,0.27317,13,2.1034902128264,62,"B",0,400
769,"Females",2011,0,"Lambs",2011,0.1279,12,1.82298440141512,62,"G",0,1100
464,"Females",2006,0,"Lambs",2006,0.04224,55,1.78785716547172,62,"B",0,200
297,"Females",2003,0,"Lambs",2003,0.19797,69,1.84629640728728,62,"B",1,200
299,"Females",2003,0,"Lambs",2003,0.43699,70,1.74122696653827,62,"C",1,0
130,"Females",1999,0,"Lambs",1999,0.26558,58,1.82020285163461,62,"E",1,100
761,"Females",2011,0,"Lambs",2011,0.05272,12,1.6588815962162,62,"B",0,2800
114,"Males",1999,0,"Lambs",1999,0.40369,58,2.21223069975313,62,"D",1,500
471,"Males",2006,0,"Lambs",2006,0.09965,55,1.96850033315253,62,"E",0,300
470,"Males",2006,0,"Lambs",2006,0.11867,55,1.71854421530446,62,"G",0,200
750,"Females",2011,0,"Lambs",2011,0.23298,13,1.92975138580442,62,"F",0,800
457,"Males",2006,0,"Lambs",2006,0.17991,55,2.15657937429185,62,"G",0,700
485,"Males",2006,0,"Lambs",2006,0.10433,56,1.86969945718808,63,"C",0,400
255,"Females",2003,0,"Lambs",2003,0.46403,67,1.92764590843913,63,"B",1,100
475,"Males",2006,0,"Lambs",2006,0.16904,56,1.82806832623647,63,"C",1,400
782,"Females",2011,0,"Lambs",2011,0.06066,12,1.90710249513346,63,"D",0,400
122,"Males",1999,0,"Lambs",1999,0.17333,58,1.98028607057107,63,"F",1,100
749,"Females",2011,0,"Lambs",2011,0.84308,13,1.19049334010265,63,"A",0,200
293,"Females",2003,0,"Lambs",2003,0.08908,69,1.64362584217655,63,"C",1,400
794,"Males",2011,0,"Lambs",2011,0.15565,12,1.78840901052323,63,"D",0,400
755,"Males",2011,0,"Lambs",2011,0.17773,13,2.2441949270337,63,"E",0,1400
138,"Females",1999,0,"Lambs",1999,0.1853,58,2.02284833786005,63,"G",1,1400
785,"Females",2011,0,"Lambs",2011,0.23392,12,1.6448025635438,63,"G",1,900
462,"Males",2006,0,"Lambs",2006,0.04947,56,1.66706032798204,64,"F",0,200
463,"Males",2006,0,"Lambs",2006,0.05065,55,1.9923732610463,64,"G",0,600
781,"Females",2011,0,"Lambs",2011,0.65215,12,2.01043434366883,64,"A",0,900
259,"Females",2003,0,"Lambs",2003,0.16101,68,1.65655527887069,64,"F",1,0
260,"Females",2003,0,"Lambs",2003,0.11936,68,2.00556429368001,64,"B",1,100
275,"Males",2003,0,"Lambs",2003,0.54483,68,2.09604239768577,64,"C",1,200
767,"Females",2011,0,"Lambs",2011,0.48506,12,2.0853867581099,64,"D",0,200
438,"Males",2006,0,"Lambs",2006,0.15505,55,2.21516131281609,64,"H",0,200
277,"Males",2003,0,"Lambs",2003,0.11514,68,1.79461845329288,64,"G",1,0
451,"Males",2006,0,"Lambs",2006,0.29836,55,2.48854626343927,65,"A",0,400
441,"Females",2006,0,"Lambs",2006,0.48394,55,2.00771819924461,65,"D",1,200
776,"Females",2011,0,"Lambs",2011,0.21821,12,1.83845363267706,65,"E",0,300
443,"Males",2006,0,"Lambs",2006,0.29327,55,1.96358612780609,65,"H",0,800
117,"Females",1999,0,"Lambs",1999,0.10802,58,1.77483387923275,65,"D",1,300
478,"Males",2006,0,"Lambs",2006,0.21872,56,1.48736278189977,65,"E",0,600
87,"Males",1999,0,"Lambs",1999,0.15007,59,2.03551541071234,65,"D",1,1200
291,"Females",2003,0,"Lambs",2003,0.13377,69,2.37097547556879,65,"G",1,200
305,"Females",2003,0,"Lambs",2003,0.22573,70,1.99979247848489,65,"C",1,400
265,"Females",2003,0,"Lambs",2003,0.07886,68,1.86113279683363,65,"H",0,200
468,"Males",2006,0,"Lambs",2006,0.17034,55,2.15949735489229,66,"D",0,600
94,"Females",1999,0,"Lambs",1999,0.09748,59,2.11406158140525,66,"E",1,100
480,"Males",2006,0,"Lambs",2006,0.04323,56,2.18360021092391,66,"F",0,2200
741,"Males",2011,0,"Lambs",2011,0.39072,13,2.04740217837666,66,"G",0,1500
752,"Females",2011,0,"Lambs",2011,0.23615,13,2.11721641067254,66,"B",0,200
269,"Females",2003,0,"Lambs",2003,0.13476,68,2.15566081651052,66,"C",1,800
134,"Females",1999,0,"Lambs",1999,0.10291,58,2.36055047292773,66,"G",1,900
482,"Males",2006,0,"Lambs",2006,0.0815,56,2.18772002971023,66,"H",0,1400
115,"Males",1999,0,"Lambs",1999,0.18759,58,1.76184204163845,66,"B",1,200
461,"Females",2006,0,"Lambs",2006,0.19744,55,2.40792518962829,67,"B",0,500
477,"Females",2006,0,"Lambs",2006,0.18036,56,1.88319399969739,67,"D",1,400
83,"Females",1999,0,"Lambs",1999,0.34349,59,1.80348675359234,67,"H",1,200
103,"Females",1999,0,"Lambs",1999,0.46103,59,2.06770793480134,67,"B",1,300
284,"Males",2003,0,"Lambs",2003,0.10215,69,2.32098635647356,67,"C",1,200
290,"Females",2003,0,"Lambs",2003,0.06761,69,2.03172381594568,67,"H",1,600
129,"Males",1999,0,"Lambs",1999,0.25621,58,1.83373152575385,67,"H",1,200
296,"Females",2003,0,"Lambs",2003,0.1714,69,2.2241377751067,67,"H",1,100
765,"Females",2011,0,"Lambs",2011,0.25739,12,1.74907209076058,67,"D",0,100
454,"Females",2006,0,"Lambs",2006,0.34652,55,1.78339851568029,67,"H",1,300
773,"Females",2011,0,"Lambs",2011,0.04709,12,1.85232766681173,67,"C",0,600
262,"Males",2003,0,"Lambs",2003,0.29989,68,2.22144567144777,67,"E",1,0
110,"Females",1999,0,"Lambs",1999,0.57643,58,1.93561968298207,68,"B",1,1000
119,"Females",1999,0,"Lambs",1999,0.5926,58,1.91691983901106,68,"H",1,200
746,"Males",2011,0,"Lambs",2011,0.55771,13,1.51021527088668,68,"F",0,1000
107,"Males",1999,0,"Lambs",1999,0.19529,58,1.74068559174059,68,"G",1,400
301,"Females",2003,0,"Lambs",2003,0.18863,69,1.51486562858419,68,"D",0,100
120,"Females",1999,0,"Lambs",1999,0.39539,58,2.03505223624898,68,"F",1,100
254,"Females",2003,0,"Lambs",2003,0.75202,67,1.6526233433786,68,"D",1,100
131,"Males",1999,0,"Lambs",1999,0.08325,58,2.08223549420734,68,"A",1,200
793,"Females",2011,0,"Lambs",2011,0.39617,12,2.33052886948944,68,"B",0,600
84,"Males",1999,0,"Lambs",1999,0.31879,59,2.19217055955973,69,"A",1,400
754,"Males",2011,0,"Lambs",2011,0.485,13,2.4145456482181,69,"E",0,400
90,"Males",1999,0,"Lambs",1999,0.93199,59,1.94148300843204,69,"F",1,400
81,"Females",1999,0,"Lambs",1999,0.28634,59,2.0522425734271,69,"G",1,500
97,"Males",1999,0,"Lambs",1999,0.50891,59,2.43510075078924,69,"A",1,2400
753,"Females",2011,0,"Lambs",2011,0.11412,13,1.8289793861763,69,"B",1,0
95,"Females",1999,0,"Lambs",1999,0.64381,59,1.7293131056126,69,"D",1,500
133,"Females",1999,0,"Lambs",1999,0.26786,58,2.06069956265741,69,"A",1,400
128,"Females",1999,0,"Lambs",1999,0.3,58,2.16595029512605,69,"B",1,1200
469,"Females",2006,0,"Lambs",2006,0.13539,55,1.893784284227,69,"C",0,200
748,"Males",2011,0,"Lambs",2011,0.57119,13,2.20766729233588,69,"E",0,1300
487,"Males",2006,0,"Lambs",2006,0.54022,56,2.00201000322659,69,"F",0,200
488,"Males",2006,0,"Lambs",2006,0.28271,56,1.69739520864797,69,"E",0,500
766,"Males",2011,0,"Lambs",2011,0.20337,12,2.14305061484014,69,"E",0,1000
479,"Males",2006,0,"Lambs",2006,0.08055,56,1.98360039488829,70,"A",0,1000
740,"Males",2011,0,"Lambs",2011,0.38155,13,1.85042659766273,70,"H",0,1200
91,"Females",1999,0,"Lambs",1999,0.08364,59,1.98451856700046,70,"F",1,300
790,"Males",2011,0,"Lambs",2011,0.14035,12,1.60736812978374,70,"G",0,200
92,"Males",1999,0,"Lambs",1999,0.32018,59,1.6111218707931,70,"H",1,400
789,"Males",2011,0,"Lambs",2011,0.08485,12,1.97735099414823,70,"D",0,1600
116,"Females",1999,0,"Lambs",1999,0.23047,58,1.39100248474127,70,"F",1,600
307,"Females",2003,0,"Lambs",2003,0.73292,69,1.69131257948948,70,"G",1,300
88,"Males",1999,0,"Lambs",1999,0.24744,59,2.18211825606177,70,"B",1,1300
283,"Females",2003,0,"Lambs",2003,0.18608,69,2.07031130972393,70,"G",1,0
80,"Females",1999,0,"Lambs",1999,0.23354,59,2.03504203343285,71,"F",1,800
466,"Females",2006,0,"Lambs",2006,0.14894,55,2.04443032757768,71,"G",1,200
444,"Females",2006,0,"Lambs",2006,0.22706,55,1.62602875235477,71,"B",0,200
774,"Females",2011,0,"Lambs",2011,0,12,1.40342043582647,71,"D",0,1000
257,"Males",2003,0,"Lambs",2003,0.05197,68,1.88611898655678,71,"E",1,500
126,"Females",1999,0,"Lambs",1999,0.71539,58,1.81982218098319,71,"F",1,600
484,"Females",2006,0,"Lambs",2006,0.45362,56,1.98887244023949,71,"G",0,1200
96,"Males",1999,0,"Lambs",1999,0.31904,59,1.89969740939397,71,"A",0,200
274,"Males",2003,0,"Lambs",2003,0.03941,68,1.9655228539322,71,"G",1,300
121,"Females",1999,0,"Lambs",1999,0.18294,58,1.87784290065965,96,"A",1,600
99,"Males",1999,0,"Lambs",1999,0.10756,59,1.97239399336507,71,"B",0,400
759,"Males",2011,0,"Lambs",2011,0.28483,12,1.64983180218459,71,"E",0,1000
77,"Males",1999,0,"Lambs",1999,0.20157,59,1.96429861727429,71,"G",0,500
123,"Males",1999,0,"Lambs",1999,0.14364,58,2.4047950604919,72,"A",0,500
289,"Males",2003,0,"Lambs",2003,0.08091,69,1.63151202567436,72,"A",0,200
100,"Males",1999,0,"Lambs",1999,0.07077,59,1.73381708654287,72,"E",NA,400
309,"Females",2003,0,"Lambs",2003,0.13515,70,2.08527068156423,72,"G",0,1200
303,"Males",2003,0,"Lambs",2003,0.19752,70,2.05067025713492,72,"A",1,200
112,"Females",1999,0,"Lambs",1999,0.19945,58,1.60018036580418,72,"E",0,600
280,"Males",2003,0,"Lambs",2003,0.07044,69,1.49147209525828,72,"H",1,700
792,"Females",2011,0,"Lambs",2011,0.03048,12,2.00441251392782,72,"C",0,800
295,"Females",2003,0,"Lambs",2003,0.03113,69,1.85126364448095,72,"D",1,1200
465,"Males",2006,0,"Lambs",2006,0.04494,55,2.16207613418362,72,"G",0,2400
256,"Females",2003,0,"Lambs",2003,0.09484,68,1.90621380904654,72,"G",1,700
108,"Females",1999,0,"Lambs",1999,0.31442,58,1.84461014261463,73,"E",1,300
743,"Females",2011,0,"Lambs",2011,0.03,13,1.85008535318743,73,"B",0,300
270,"Females",2003,0,"Lambs",2003,0.11852,68,1.60442554798011,73,"E",1,0
775,"Females",2011,0,"Lambs",2011,0.07401,12,2.21170403929279,73,"G",0,900
768,"Females",2011,0,"Lambs",2011,0.07474,12,1.62776129184577,73,"B",0,200
450,"Males",2006,0,"Lambs",2006,0.4498,55,1.65357805344801,73,"E",0,400
486,"Females",2006,0,"Lambs",2006,1.15412,56,1.94001483125207,73,"F",1,200
286,"Females",2003,0,"Lambs",2003,0.03617,69,1.66348477085357,73,"G",1,0
86,"Males",1999,0,"Lambs",1999,0.15018,59,1.956060050801,73,"B",1,100
449,"Males",2006,0,"Lambs",2006,0.04951,55,2.29916807387336,74,"G",0,1000
98,"Males",1999,0,"Lambs",1999,0.22679,59,2.10249112996155,74,"B",1,1000
780,"Males",2011,0,"Lambs",2011,0.13004,12,1.69564802645233,74,"E",0,4400
473,"Males",2006,0,"Lambs",2006,0.14451,56,1.64079090175636,74,"H",0,800
460,"Females",2006,0,"Lambs",2006,0.17688,56,1.66258158779758,74,"G",0,200
777,"Males",2011,0,"Lambs",2011,0.16763,12,1.57807848761346,74,"C",1,700
294,"Females",2003,0,"Lambs",2003,0.05476,69,2.17062472443611,75,"F",1,0
261,"Females",2003,0,"Lambs",2003,0.3094,68,2.34567679880452,75,"G",1,400
779,"Males",2011,0,"Lambs",2011,0.16889,12,1.63054723405937,75,"D",0,1100
455,"Males",2006,0,"Lambs",2006,0.2568,55,2.13233353126133,75,"E",0,600
739,"Males",2011,0,"Lambs",2011,0.12477,13,2.1338692324889,75,"G",0,1600
481,"Males",2006,0,"Lambs",2006,0.04475,56,1.76594988845357,75,"C",0,300
300,"Females",2003,0,"Lambs",2003,0.3473,70,1.83342647073328,75,"D",1,100
456,"Males",2006,0,"Lambs",2006,0.06585,56,0.981136318252012,75,"E",0,400
738,"Females",2011,0,"Lambs",2011,0.53615,13,1.95627363349293,75,"F",0,400
760,"Males",2011,0,"Lambs",2011,0.0703,12,1.52328748044796,75,"G",0,1200
137,"Males",1999,0,"Lambs",1999,0.2036,58,1.93912188324588,76,"C",0,200
132,"Females",1999,0,"Lambs",1999,0.61177,58,1.40424910664764,76,"A",1,1200
281,"Females",2003,0,"Lambs",2003,0.05258,69,2.2788361789005,76,"B",1,600
273,"Females",2003,0,"Lambs",2003,0.11913,68,1.62432255035328,76,"B",1,200
474,"Males",2006,0,"Lambs",2006,0.13318,56,1.63838065931439,76,"G",0,400
476,"Females",2006,0,"Lambs",2006,0.20811,56,1.25513335097903,77,"E",0,400
292,"Females",2003,0,"Lambs",2003,0.1814,70,1.42700413346912,77,"F",1,200
113,"Females",1999,0,"Lambs",1999,0.54675,58,1.91588271950931,77,"H",1,800
272,"Females",2003,0,"Lambs",2003,0.09701,68,2.1943323232078,77,"C",1,200
445,"Females",2006,0,"Lambs",2006,0.22204,55,1.81413923672876,77,"F",0,2000
136,"Females",1999,0,"Lambs",1999,0.45448,58,2.59808378724634,78,"A",1,200
772,"Males",2011,0,"Lambs",2011,0.15225,12,2.17971611107065,78,"E",0,1400
111,"Males",1999,0,"Lambs",1999,0.12552,58,1.81401832372297,78,"A",1,1500
440,"Males",2006,0,"Lambs",2006,0.08888,55,2.04416294279521,78,"B",0,600
79,"Females",1999,0,"Lambs",1999,0.35273,59,1.42133759097347,78,"F",1,600
756,"Females",2011,0,"Lambs",2011,0.20638,13,1.90531125407574,78,"D",1,200
118,"Females",1999,0,"Lambs",1999,0.56401,58,2.07769902581326,78,"A",1,100
135,"Females",1999,0,"Lambs",1999,0.05475,58,2.00108200776244,78,"C",1,2200
298,"Females",2003,0,"Lambs",2003,0.40474,70,2.17795447089106,78,"D",1,200
140,"Males",1999,0,"Lambs",1999,0.14751,58,2.24931107563452,78,"B",1,900
758,"Females",2011,0,"Lambs",2011,0.11268,12,1.55393734812489,78,"E",0,800
452,"Females",2006,0,"Lambs",2006,0.14677,55,1.93934804060433,78,"H",0,600
762,"Males",2011,0,"Lambs",2011,0.4388,12,1.84676883082018,78,"G",0,3800
287,"Females",2003,0,"Lambs",2003,0.12436,69,2.40635930102451,79,"D",1,100
302,"Females",2003,0,"Lambs",2003,0.20992,70,1.79749469377241,79,"E",1,400
271,"Males",2003,0,"Lambs",2003,0.05623,68,1.79709060208302,79,"H",0,400
453,"Females",2006,0,"Lambs",2006,0.23413,55,1.74208809311036,79,"B",1,800
93,"Females",1999,0,"Lambs",1999,0.54776,59,2.06078439855778,79,"D",1,200
304,"Males",2003,0,"Lambs",2003,0.44996,70,2.13844932743695,79,"F",0,400
285,"Females",2003,0,"Lambs",2003,0.09355,69,2.13374932065538,79,"H",1,400
266,"Males",2003,0,"Lambs",2003,0.36076,68,1.72587427207098,79,"A",1,800
109,"Males",1999,0,"Lambs",1999,0.14589,58,1.48813220078907,79,"C",0,500
139,"Females",1999,0,"Lambs",1999,0.09368,58,1.77384009196343,79,"F",1,600
258,"Females",2003,0,"Lambs",2003,0.16659,68,2.05203151979047,79,"H",1,200
467,"Males",2006,0,"Lambs",2006,0.26391,55,1.76278589651676,79,"B",0,600
124,"Females",1999,0,"Lambs",1999,0.62517,58,1.5541923139789,79,"E",1,1500
744,"Females",2011,0,"Lambs",2011,0.22811,13,2.19624072633025,79,"G",0,3000
764,"Females",2011,0,"Lambs",2011,0.56329,12,1.89544227994897,79,"H",0,200
308,"Females",2003,0,"Lambs",2003,0.13115,70,1.8621721162873,79,"F",1,0
310,"Females",2003,0,"Lambs",2003,0.10296,70,1.8765804401514,79,"H",0,1000
757,"Males",2011,0,"Lambs",2011,0.07343,12,2.19450659932708,80,"A",0,300
763,"Females",2011,0,"Lambs",2011,0.22071,12,1.85686257142832,80,"F",0,200
745,"Males",2011,0,"Lambs",2011,0.30341,13,1.93597444072367,80,"A",0,900
127,"Females",1999,0,"Lambs",1999,0.38784,58,1.93828152103299,80,"C",1,300
786,"Females",2011,0,"Lambs",2011,0.12719,12,1.67976737736265,80,"A",0,1000
125,"Females",1999,0,"Lambs",1999,0.31048,58,1.24029419767648,80,"H",1,200
268,"Females",2003,0,"Lambs",2003,0.22034,68,1.91146954887218,80,"E",1,200
747,"Males",2011,0,"Lambs",2011,0.41293,13,1.85850563011736,80,"F",0,700
751,"Females",2011,0,"Lambs",2011,0.42376,13,2.00282411159402,82,"D",0,400
770,"Females",2011,0,"Lambs",2011,0.1273,12,2.27420431137708,82,"H",0,700
458,"Males",2006,0,"Lambs",2006,0.15818,55,1.62070815538906,82,"B",0,600
783,"Males",2011,0,"Lambs",2011,0.10588,12,1.8871298320704,82,"C",0,600
787,"Males",2011,0,"Lambs",2011,0.05985,12,1.93138732289427,82,"D",0,1200
264,"Females",2003,0,"Lambs",2003,0.21544,68,1.79924897462911,82,"F",1,200
552,"Males",2007,0,"Lambs",2007,0.19316,47,2.91286053004553,96,"D",1,200
539,"Females",2007,0,"Lambs",2007,0.77373,47,2.1322370229152,83,"A",1,200
214,"Females",2001,0,"Lambs",2001,0.1664,23,1.815552372971,83,"B",1,400
561,"Males",2007,0,"Lambs",2007,0.05422,47,1.91702469493742,83,"D",0,500
676,"Males",2009,0,"Lambs",2009,0.1309,44,1.61005690999804,83,"E",1,100
505,"Females",2007,0,"Lambs",2007,0.3323,48,1.97131189605641,83,"G",1,500
638,"Females",2009,0,"Lambs",2009,0.09719,42,2.10887672205751,83,"H",1,1000
211,"Females",2001,0,"Lambs",2001,0.64749,23,1.57405323433855,83,"A",0,200
502,"Males",2007,0,"Lambs",2007,0.7247,49,1.76511872069244,83,"B",0,400
522,"Males",2007,0,"Lambs",2007,0.56447,48,1.47838939344423,83,"E",0,800
624,"Males",2009,0,"Lambs",2009,0.11066,48,1.60444151745417,83,"F",0,2100
668,"Females",2009,0,"Lambs",2009,0.19624,48,1.74351818314079,83,"G",0,1400
188,"Males",2001,0,"Lambs",2001,0.65327,22,2.08372618712631,83,"B",0,2000
500,"Males",2007,0,"Lambs",2007,0.27826,49,2.07452485540574,83,"A",0,300
633,"Males",2009,0,"Lambs",2009,0.38956,43,1.71511469980824,83,"B",1,500
806,"Females",2012,0,"Lambs",2012,0.16733,21,1.80257962508424,83,"E",1,200
660,"Males",2009,0,"Lambs",2009,0.09691,43,1.98709267455536,83,"C",1,1000
637,"Males",2009,0,"Lambs",2009,0.11393,44,2.58388215307501,84,"A",0,1600
648,"Females",2009,0,"Lambs",2009,0.22457,48,1.96465093649716,84,"D",1,200
510,"Females",2007,0,"Lambs",2007,0.30243,48,1.64149395022819,84,"B",1,300
490,"Males",2007,0,"Lambs",2007,0.40242,49,1.8528495247986,84,"E",1,200
238,"Females",2001,0,"Lambs",2001,0.24267,24,2.10546051732414,84,"H",0,200
626,"Males",2009,0,"Lambs",2009,0.0767,43,1.74238862882616,84,"F",1,500
186,"Males",2001,0,"Lambs",2001,0.29099,22,2.05927445944932,84,"G",0,100
526,"Females",2007,0,"Lambs",2007,0.14955,48,2.22969233420258,84,"A",1,400
518,"Males",2007,0,"Lambs",2007,0.36472,48,1.64712503803883,84,"H",0,600
511,"Males",2007,0,"Lambs",2007,0.24406,48,2.04705059879269,84,"A",1,600
673,"Females",2009,0,"Lambs",2009,0.68936,44,2.52314303360503,84,"B",1,600
630,"Males",2009,0,"Lambs",2009,0.11856,43,1.82044053360808,84,"G",0,300
517,"Females",2007,0,"Lambs",2007,0.1788,48,2.21659507888027,85,"F",0,500
799,"Females",2012,0,"Lambs",2012,0.41704,22,1.88615567950045,85,"D",1,200
495,"Females",2007,0,"Lambs",2007,0.79468,49,1.88449805560572,85,"A",0,100
493,"Males",2007,0,"Lambs",2007,0.33614,49,1.910553111972,85,"H",1,200
667,"Males",2009,0,"Lambs",2009,0.17305,44,1.89224827337051,85,"C",0,600
620,"Males",2009,0,"Lambs",2009,0.07567,42,2.31321307273165,85,"F",1,900
396,"Females",2004,0,"Lambs",2004,0.25409,65,2.64589678612604,85,"G",0,300
366,"Males",2004,0,"Lambs",2004,0.13012,64,1.86079900965386,85,"F",0,900
335,"Females",2004,0,"Lambs",2004,0.32279,63,2.32296841980542,85,"B",0,300
323,"Females",2004,0,"Lambs",2004,0.24513,63,2.13691564545555,85,"E",0,600
608,"Females",2008,0,"Lambs",2008,0.16062,41,2.09913895742018,85,"G",1,400
358,"Males",2004,0,"Lambs",2004,0.33785,63,2.11246556483478,86,"C",0,600
371,"Males",2004,0,"Lambs",2004,0.14158,64,1.75457686322832,86,"D",0,400
165,"Males",2000,0,"Lambs",2000,0.05773,59,1.99466919578137,86,"E",1,400
329,"Females",2004,0,"Lambs",2004,0.26605,63,1.89930038104617,86,"F",0,800
148,"Males",2000,0,"Lambs",2000,0.07567,59,1.74810678168172,86,"C",0,900
156,"Males",2000,0,"Lambs",2000,0.15499,59,2.01016893055898,86,"G",0,500
341,"Males",2004,0,"Lambs",2004,0.15219,63,2.48556466572522,86,"H",0,600
421,"Males",2005,0,"Lambs",2005,0.25845,62,1.93031679391325,86,"A",0,2100
397,"Females",2004,0,"Lambs",2004,0.16942,65,1.53323270421556,86,"H",0,800
610,"Males",2008,0,"Lambs",2008,0.36275,41,1.93121437262402,86,"D",0,300
164,"Females",2000,0,"Lambs",2000,0.08865,59,2.1521926727661,87,"A",1,500
353,"Males",2004,0,"Lambs",2004,0.0657,64,1.9287360826605,87,"B",0,3500
432,"Females",2005,0,"Lambs",2005,0.05228,62,1.78149765841533,87,"C",1,600
175,"Females",2000,0,"Lambs",2000,0.07326,60,1.74743916668936,87,"E",0,400
143,"Males",2000,0,"Lambs",2000,0.06646,59,1.84380212417993,87,"B",1,100
384,"Males",2004,0,"Lambs",2004,0.63693,64,1.76727270866031,87,"F",0,200
347,"Males",2004,0,"Lambs",2004,0.15371,64,1.82726048641632,87,"G",0,2800
149,"Males",2000,0,"Lambs",2000,0.51445,59,1.82906011644315,87,"C",1,700
22,"Females",1998,0,"Lambs",1998,0.10665,34,2.24894237208326,87,"C",0,800
244,"Males",2002,0,"Lambs",2002,0.14304,18,1.70275684948114,87,"F",1,800
58,"Females",1998,0,"Lambs",1998,0.06149,33,2.24589500736833,88,"A",0,400
47,"Males",1998,0,"Lambs",1998,0.07172,33,1.96963831550865,88,"C",0,600
12,"Females",1998,0,"Lambs",1998,0.66521,35,1.86874838592519,88,"E",0,400
68,"Females",1998,0,"Lambs",1998,0.06071,33,1.96623000563491,88,"H",0,500
50,"Females",1998,0,"Lambs",1998,0.17252,29,1.76834015357704,88,"D",0,1600
727,"Females",2010,0,"Lambs",2010,0.06596,31,2.00627503746656,88,"H",0,200
682,"Males",2010,0,"Lambs",2010,0.42518,29,2.01848662069329,88,"A",0,700
686,"Males",2010,0,"Lambs",2010,0.15123,29,2.10661791514065,88,"C",0,2900
706,"Females",2010,0,"Lambs",2010,0.15132,29,1.48306098020017,88,"A",0,300
38,"Males",1998,0,"Lambs",1998,0.05551,34,2.04995746913317,88,"A",0,300
64,"Males",1998,0,"Lambs",1998,0.12409,33,2.05417111751923,88,"G",0,200
74,"Males",1998,0,"Lambs",1998,0.08351,29,1.59566864583414,89,"D",0,200
720,"Males",2010,0,"Lambs",2010,0.12068,30,1.79528114827955,89,"E",1,700
75,"Females",1998,0,"Lambs",1998,0.06266,33,1.86422366524901,89,"F",0,600
15,"Females",1998,0,"Lambs",1998,0.2267,35,1.54112564824071,89,"G",0,600
1,"Males",1998,0,"Lambs",1998,0.18965,33,2.42138494683412,90,"A",0,2800
246,"Females",2002,0,"Lambs",2002,0.10683,18,1.97564341091716,90,"C",1,0
65,"Females",1998,0,"Lambs",1998,0.17942,33,2.24762210671398,90,"D",0,1400
44,"Females",1998,0,"Lambs",1998,0.20799,33,2.00605268254529,90,"D",1,400
71,"Females",1998,0,"Lambs",1998,0.18328,33,1.76665948661543,90,"A",1,100
4,"Females",1998,0,"Lambs",1998,0.39265,35,1.64503819297652,90,"E",0,400
8,"Males",1998,0,"Lambs",1998,0.25467,29,1.82999426099853,90,"E",0,1600
19,"Males",1998,0,"Lambs",1998,0.26811,34,1.44917514618754,90,"G",0,2400
69,"Males",1998,0,"Lambs",1998,0.10459,33,1.9278826688452,91,"H",NA,200
250,"Females",2002,0,"Lambs",2002,0.2728,19,2.15195493125924,91,"D",1,600
778,"Males",2011,0,"Lambs",2011,0.18127,12,2.2922786165883,91,"E",0,2800
279,"Females",2003,0,"Lambs",2003,0.07759,69,1.72057067848538,91,"G",1,100
106,"Females",1999,0,"Lambs",1999,0.53144,59,1.93377088355175,91,"E",1,600
306,"Females",2003,0,"Lambs",2003,0.03234,69,1.73450889456551,91,"F",1,400
459,"Males",2006,0,"Lambs",2006,0.0784,55,2.25270287486963,91,"A",0,600
446,"Males",2006,0,"Lambs",2006,0.25081,55,2.59548121766537,91,"C",0,2400
89,"Males",1999,0,"Lambs",1999,0.0894,59,1.85055852935514,91,"H",1,400
104,"Females",1999,0,"Lambs",1999,0.43886,59,2.58201197291824,92,"B",0,600
101,"Males",1999,0,"Lambs",1999,0.15782,59,1.75911542305137,92,"E",1,200
282,"Females",2003,0,"Lambs",2003,0.06369,69,1.81672494541192,92,"B",1,200
276,"Males",2003,0,"Lambs",2003,0.17925,68,1.79877401786476,92,"F",1,0
288,"Males",2003,0,"Lambs",2003,0.08556,69,1.95176441030361,92,"F",1,400
78,"Females",1999,0,"Lambs",1999,0.24911,59,2.14416903317783,92,"G",1,1000
102,"Males",1999,0,"Lambs",1999,0.32701,59,1.92294145315168,92,"G",1,900
472,"Males",2006,0,"Lambs",2006,0.05672,55,2.00148851550598,93,"A",1,1800
483,"Males",2006,0,"Lambs",2006,0.03744,56,1.59157238316051,93,"A",0,600
85,"Females",1999,0,"Lambs",1999,0.26695,59,1.53776657928085,93,"H",1,500
771,"Males",2011,0,"Lambs",2011,0.25693,12,1.6812232897464,93,"B",0,1600
105,"Males",1999,0,"Lambs",1999,0.28615,59,1.57083324473237,93,"H",1,200
